,PERSON_ID,DISPLAY_LAST_COMMA_FIRST,DISPLAY_FIRST_LAST,ROSTERSTATUS,FROM_YEAR,TO_YEAR,PLAYERCODE,TEAM_ID,TEAM_CITY,TEAM_NAME,TEAM_ABBREVIATION,TEAM_CODE,GAMES_PLAYED_FLAG,OTHERLEAGUE_EXPERIENCE_CH
9,203518,"Abrines, Alex",Alex Abrines,0,2016,2018,alex_abrines,0,,,,,Y,00
15,203112,"Acy, Quincy",Quincy Acy,0,2012,2018,quincy_acy,0,,,,,Y,01
22,203500,"Adams, Steven",Steven Adams,1,2013,2020,steven_adams,1610612740,New Orleans,Pelicans,NOP,pelicans,Y,00
28,201167,"Afflalo, Arron",Arron Afflalo,0,2007,2017,arron_afflalo,0,,,,,Y,00
33,201582,"Ajinca, Alexis",Alexis Ajinca,0,2008,2017,alexis_ajinca,0,,,,,Y,01
41,202332,"Aldrich, Cole",Cole Aldrich,0,2010,2017,cole_aldrich,0,,,,,Y,01
42,200746,"Aldridge, LaMarcus",LaMarcus Aldridge,0,2006,2020,lamarcus_aldridge,0,,,,,Y,00
60,202730,"Allen, Lavoy",Lavoy Allen,0,2011,2016,lavoy_allen,0,,,,,Y,01
65,2754,"Allen, Tony",Tony Allen,0,2004,2017,tony_allen,0,,,,,Y,00
75,202329,"Aminu, Al-Farouq",Al-Farouq Aminu,1,2010,2020,al-farouq_aminu,1610612741,Chicago,Bulls,CHI,bulls,Y,00
78,2365,"Andersen, Chris",Chris Andersen,0,2001,2016,chris_andersen,0,,,,,Y,00
80,101187,"Anderson, Alan",Alan Anderson,0,2005,2016,alan_anderson,0,,,,,Y,01
90,1626147,"Anderson, Justin",Justin Anderson,0,2015,2019,justin_anderson,0,,,,,Y,01
93,203937,"Anderson, Kyle",Kyle Anderson,1,2014,2020,kyle_anderson,1610612763,Memphis,Grizzlies,MEM,grizzlies,Y,01
99,201583,"Anderson, Ryan",Ryan Anderson,0,2008,2019,ryan_anderson,0,,,,,Y,00
108,203507,"Antetokounmpo, Giannis",Giannis Antetokounmpo,1,2013,2020,giannis_antetokounmpo,1610612749,Milwaukee,Bucks,MIL,bucks,Y,00
110,203648,"Antetokounmpo, Thanasis",Thanasis Antetokounmpo,1,2015,2020,thanasis_antetokounmpo,1610612749,Milwaukee,Bucks,MIL,bucks,Y,01
111,2546,"Anthony, Carmelo",Carmelo Anthony,1,2003,2020,carmelo_anthony,1610612757,Portland,Trail Blazers,POR,blazers,Y,00
114,201202,"Anthony, Joel",Joel Anthony,0,2007,2016,joel_anthony,0,,,,,Y,01
125,2772,"Ariza, Trevor",Trevor Ariza,1,2004,2020,trevor_ariza,1610612748,Miami,Heat,MIA,heat,Y,00
139,201589,"Arthur, Darrell",Darrell Arthur,0,2008,2017,darrell_arthur,0,,,,,Y,00
142,201600,"Asik, Omer",Omer Asik,0,2010,2017,omer_asik,0,,,,,Y,00
151,201571,"Augustin, D.J.",D.J. Augustin,1,2008,2020,d.j._augustin,1610612745,Houston,Rockets,HOU,rockets,Y,00
167,202337,"Babbitt, Luke",Luke Babbitt,0,2010,2017,luke_babbitt,0,,,,,Y,01
184,1627758,"Baker, Ron",Ron Baker,0,2016,2018,ron_baker,0,,,,,Y,01
186,1627735,"Baldwin IV, Wade",Wade Baldwin IV,0,2016,2018,wade_baldwin iv,0,,,,,Y,01
200,2571,"Barbosa, Leandro",Leandro Barbosa,0,2003,2016,leandro_barbosa,0,,,,,Y,00
202,200826,"Barea, J.J.",J.J. Barea,0,2006,2019,j.j._barea,0,,,,,Y,01
209,203084,"Barnes, Harrison",Harrison Barnes,1,2012,2020,harrison_barnes,1610612758,Sacramento,Kings,SAC,kings,Y,00
213,2440,"Barnes, Matt",Matt Barnes,0,2002,2016,matt_barnes,0,,,,,Y,00
233,203115,"Barton, Will",Will Barton,1,2012,2020,will_barton,1610612743,Denver,Nuggets,DEN,nuggets,Y,01
236,101138,"Bass, Brandon",Brandon Bass,0,2005,2016,brandon_bass,0,,,,,Y,01
249,201587,"Batum, Nicolas",Nicolas Batum,1,2008,2020,nicolas_batum,1610612746,LA,Clippers,LAC,clippers,Y,00
253,201573,"Bayless, Jerryd",Jerryd Bayless,0,2008,2018,jerryd_bayless,0,,,,,Y,00
255,203382,"Baynes, Aron",Aron Baynes,1,2012,2020,aron_baynes,1610612761,Toronto,Raptors,TOR,raptors,Y,01
257,203145,"Bazemore, Kent",Kent Bazemore,1,2012,2020,kent_bazemore,1610612744,Golden State,Warriors,GSW,warriors,Y,01
260,203078,"Beal, Bradley",Bradley Beal,1,2012,2020,bradley_beal,1610612764,Washington,Wizards,WAS,wizards,Y,00
264,1627736,"Beasley, Malik",Malik Beasley,1,2016,2020,malik_beasley,1610612750,Minnesota,Timberwolves,MIN,timberwolves,Y,01
265,201563,"Beasley, Michael",Michael Beasley,0,2008,2018,michael_beasley,0,,,,,Y,00
276,201158,"Belinelli, Marco",Marco Belinelli,0,2007,2019,marco_belinelli,0,,,,,Y,00
284,1627761,"Bembry, DeAndre'",DeAndre' Bembry,1,2016,2020,deandre'_bembry,1610612761,Toronto,Raptors,TOR,raptors,Y,01
287,1627733,"Bender, Dragan",Dragan Bender,0,2016,2019,dragan_bender,0,,,,,Y,01
292,203461,"Bennett, Anthony",Anthony Bennett,0,2013,2016,anthony_bennett,0,,,,,Y,01
301,1627791,"Bentil, Ben",Ben Bentil,0,2016,2016,ben_bentil,0,,,,,Y,01
307,202722,"Bertans, Davis",Davis Bertans,1,2016,2020,davis_bertans,1610612764,Washington,Wizards,WAS,wizards,Y,01
310,201976,"Beverley, Patrick",Patrick Beverley,1,2012,2020,patrick_beverley,1610612746,LA,Clippers,LAC,clippers,Y,01
332,202687,"Biyombo, Bismack",Bismack Biyombo,1,2011,2020,bismack_biyombo,1610612766,Charlotte,Hornets,CHA,hornets,Y,00
333,202357,"Bjelica, Nemanja",Nemanja Bjelica,1,2015,2020,nemanja_bjelica,1610612748,Miami,Heat,MIA,heat,Y,00
337,204028,"Black, Tarik",Tarik Black,0,2014,2017,tarik_black,0,,,,,Y,01
354,202339,"Bledsoe, Eric",Eric Bledsoe,1,2010,2020,eric_bledsoe,1610612740,New Orleans,Pelicans,NOP,pelicans,Y,01
362,203505,"Blue, Vander",Vander Blue,0,2013,2017,vander_blue,0,,,,,Y,01
371,202711,"Bogdanovic, Bojan",Bojan Bogdanovic,1,2014,2020,bojan_bogdanovic,1610612762,Utah,Jazz,UTA,jazz,Y,00
373,101106,"Bogut, Andrew",Andrew Bogut,0,2005,2018,andrew_bogut,0,,,,,Y,00
380,1627762,"Bolomboy, Joel",Joel Bolomboy,0,2016,2017,joel_bolomboy,0,,,,,Y,01
391,1626164,"Booker, Devin",Devin Booker,1,2015,2020,devin_booker,1610612756,Phoenix,Suns,PHX,suns,Y,00
393,202344,"Booker, Trevor",Trevor Booker,0,2010,2017,trevor_booker,0,,,,,Y,00
405,2547,"Bosh, Chris",Chris Bosh,0,2003,2016,chris_bosh,0,,,,,Y,00
434,202340,"Bradley, Avery",Avery Bradley,1,2010,2020,avery_bradley,1610612745,Houston,Rockets,HOU,rockets,Y,01
462,201147,"Brewer, Corey",Corey Brewer,0,2007,2019,corey_brewer,0,,,,,Y,00
488,1627763,"Brogdon, Malcolm",Malcolm Brogdon,1,2016,2020,malcolm_brogdon,1610612754,Indiana,Pacers,IND,pacers,Y,00
491,201166,"Brooks, Aaron",Aaron Brooks,0,2007,2017,aaron_brooks,0,,,,,Y,01
495,202705,"Brooks, MarShon",MarShon Brooks,0,2011,2018,marshon_brooks,0,,,,,Y,01
499,1626148,"Brown, Anthony",Anthony Brown,0,2015,2017,anthony_brown,0,,,,,Y,01
501,201628,"Brown, Bobby",Bobby Brown,0,2008,2017,bobby_brown,0,,,,,Y,11
516,1627759,"Brown, Jaylen",Jaylen Brown,1,2016,2020,jaylen_brown,1610612738,Boston,Celtics,BOS,celtics,Y,00
522,203485,"Brown, Lorenzo",Lorenzo Brown,0,2013,2018,lorenzo_brown,0,,,,,Y,01
524,203900,"Brown, Markel",Markel Brown,0,2014,2017,markel_brown,0,,,,,Y,01
544,1627852,"Brussino, Nicolas",Nicolas Brussino,0,2016,2017,nicolas_brussino,0,,,,,Y,01
564,203493,"Bullock, Reggie",Reggie Bullock,1,2013,2020,reggie_bullock,1610612752,New York,Knicks,NYK,knicks,Y,01
570,203504,"Burke, Trey",Trey Burke,1,2013,2020,trey_burke,1610612742,Dallas,Mavericks,DAL,mavericks,Y,01
572,202692,"Burks, Alec",Alec Burks,1,2011,2020,alec_burks,1610612752,New York,Knicks,NYK,knicks,Y,01
596,202710,"Butler, Jimmy",Jimmy Butler,1,2011,2020,jimmy_butler,1610612748,Miami,Heat,MIA,heat,Y,00
599,202779,"Buycks, Dwight",Dwight Buycks,0,2013,2017,dwight_buycks,0,,,,,Y,01
608,203998,"Caboclo, Bruno",Bruno Caboclo,0,2014,2020,bruno_caboclo,0,,,,,Y,01
614,101181,"Calderon, Jose",Jose Calderon,0,2005,2018,jose_calderon,0,,,,,Y,00
618,203484,"Caldwell-Pope, Kentavious",Kentavious Caldwell-Pope,1,2013,2020,kentavious_caldwell-pope,1610612747,Los Angeles,Lakers,LAL,lakers,Y,00
631,203477,"Canaan, Isaiah",Isaiah Canaan,0,2013,2018,isaiah_canaan,0,,,,,Y,01
635,203991,"Capela, Clint",Clint Capela,1,2014,2020,clint_capela,1610612737,Atlanta,Hawks,ATL,hawks,Y,01
655,201960,"Carroll, DeMarre",DeMarre Carroll,0,2009,2019,demarre_carroll,0,,,,,Y,01
669,1713,"Carter, Vince",Vince Carter,0,1998,2019,vince_carter,0,,,,,Y,00
671,203487,"Carter-Williams, Michael",Michael Carter-Williams,1,2013,2020,michael_carter-williams,1610612753,Orlando,Magic,ORL,magic,Y,00
677,201956,"Casspi, Omri",Omri Casspi,0,2009,2018,omri_casspi,0,,,,,Y,00
683,1626161,"Cauley-Stein, Willie",Willie Cauley-Stein,1,2015,2020,willie_cauley-stein,1610612742,Dallas,Mavericks,DAL,mavericks,Y,00
692,201596,"Chalmers, Mario",Mario Chalmers,0,2008,2017,mario_chalmers,0,,,,,Y,00
698,2199,"Chandler, Tyson",Tyson Chandler,0,2001,2019,tyson_chandler,0,,,,,Y,00
699,201163,"Chandler, Wilson",Wilson Chandler,0,2007,2019,wilson_chandler,0,,,,,Y,00
720,1627737,"Chriss, Marquese",Marquese Chriss,0,2016,2020,marquese_chriss,0,,,,,Y,00
726,1626176,"Christmas, Rakeem",Rakeem Christmas,0,2015,2016,rakeem_christmas,0,,,,,Y,01
727,203902,"Christon, Semaj",Semaj Christon,0,2016,2016,semaj_christon,0,,,,,Y,01
734,203546,"Clark, Ian",Ian Clark,0,2013,2018,ian_clark,0,,,,,Y,01
738,203903,"Clarkson, Jordan",Jordan Clarkson,1,2014,2020,jordan_clarkson,1610612762,Utah,Jazz,UTA,jazz,Y,01
759,202708,"Cole, Norris",Norris Cole,0,2011,2016,norris_cole,0,,,,,Y,00
779,201954,"Collison, Darren",Darren Collison,0,2009,2018,darren_collison,0,,,,,Y,00
780,2555,"Collison, Nick",Nick Collison,0,2003,2017,nick_collison,0,,,,,Y,00
789,201144,"Conley, Mike",Mike Conley,1,2007,2020,mike_conley,1610612762,Utah,Jazz,UTA,jazz,Y,00
792,1626192,"Connaughton, Pat",Pat Connaughton,1,2015,2020,pat_connaughton,1610612749,Milwaukee,Bucks,MIL,bucks,Y,00
805,1626188,"Cook, Quinn",Quinn Cook,0,2016,2020,quinn_cook,0,,,,,Y,01
810,204022,"Cooley, Jack",Jack Cooley,0,2014,2017,jack_cooley,0,,,,,Y,01
835,202326,"Cousins, DeMarcus",DeMarcus Cousins,1,2010,2020,demarcus_cousins,1610612746,LA,Clippers,LAC,clippers,Y,00
837,203496,"Covington, Robert",Robert Covington,1,2013,2020,robert_covington,1610612757,Portland,Trail Blazers,POR,blazers,Y,01
842,203459,"Crabbe, Allen",Allen Crabbe,0,2013,2019,allen_crabbe,0,,,,,Y,01
846,2037,"Crawford, Jamal",Jamal Crawford,0,2000,2019,jamal_crawford,0,,,,,Y,00
848,202348,"Crawford, Jordan",Jordan Crawford,0,2010,2017,jordan_crawford,0,,,,,Y,01
868,203109,"Crowder, Jae",Jae Crowder,1,2012,2020,jae_crowder,1610612756,Phoenix,Suns,PHX,suns,Y,01
874,201967,"Cunningham, Dante",Dante Cunningham,0,2009,2018,dante_cunningham,0,,,,,Y,00
887,203552,"Curry, Seth",Seth Curry,1,2013,2020,seth_curry,1610612755,Philadelphia,76ers,PHI,sixers,Y,01
888,201939,"Curry, Stephen",Stephen Curry,1,2009,2020,stephen_curry,1610612744,Golden State,Warriors,GSW,warriors,Y,00
903,203584,"Daniels, Troy",Troy Daniels,0,2013,2019,troy_daniels,0,,,,,Y,01
918,203076,"Davis, Anthony",Anthony Davis,1,2012,2020,anthony_davis,1610612747,Los Angeles,Lakers,LAL,lakers,Y,00
930,1627738,"Davis, Deyonta",Deyonta Davis,0,2016,2018,deyonta_davis,0,,,,,Y,01
932,202334,"Davis, Ed",Ed Davis,1,2010,2020,ed_davis,1610612750,Minnesota,Timberwolves,MIN,timberwolves,Y,01
971,201942,"DeRozan, DeMar",DeMar DeRozan,1,2009,2020,demar_derozan,1610612759,San Antonio,Spurs,SAS,spurs,Y,00
975,203473,"Dedmon, Dewayne",Dewayne Dedmon,1,2013,2020,dewayne_dedmon,1610612748,Miami,Heat,MIA,heat,Y,01
980,1626155,"Dekker, Sam",Sam Dekker,0,2015,2018,sam_dekker,0,,,,,Y,01
982,1627098,"Delaney, Malcolm",Malcolm Delaney,0,2016,2017,malcolm_delaney,0,,,,,Y,00
987,203521,"Dellavedova, Matthew",Matthew Dellavedova,1,2013,2020,matthew_dellavedova,1610612739,Cleveland,Cavaliers,CLE,cavaliers,Y,00
992,2736,"Deng, Luol",Luol Deng,0,2004,2018,luol_deng,0,,,,,Y,00
1005,1627767,"Diallo, Cheick",Cheick Diallo,0,2016,2019,cheick_diallo,0,,,,,Y,01
1007,2564,"Diaw, Boris",Boris Diaw,0,2003,2016,boris_diaw,0,,,,,Y,00
1017,203476,"Dieng, Gorgui",Gorgui Dieng,1,2013,2020,gorgui_dieng,1610612759,San Antonio,Spurs,SAS,spurs,Y,00
1026,203915,"Dinwiddie, Spencer",Spencer Dinwiddie,1,2014,2020,spencer_dinwiddie,1610612751,Brooklyn,Nets,BKN,nets,Y,01
1055,201962,"Douglas, Toney",Toney Douglas,0,2009,2016,toney_douglas,0,,,,,Y,00
1066,201609,"Dragic, Goran",Goran Dragic,1,2008,2020,goran_dragic,1610612748,Miami,Heat,MIA,heat,Y,00
1072,203580,"Drew II, Larry",Larry Drew II,0,2014,2017,larry_drew ii,0,,,,,Y,01
1078,203083,"Drummond, Andre",Andre Drummond,1,2012,2020,andre_drummond,1610612747,Los Angeles,Lakers,LAL,lakers,Y,00
1084,201162,"Dudley, Jared",Jared Dudley,1,2007,2020,jared_dudley,1610612747,Los Angeles,Lakers,LAL,lakers,Y,00
1096,2399,"Dunleavy, Mike",Mike Dunleavy,0,2002,2016,mike_dunleavy,0,,,,,Y,00
1098,1627739,"Dunn, Kris",Kris Dunn,1,2016,2020,kris_dunn,1610612737,Atlanta,Hawks,ATL,hawks,Y,00
1102,201142,"Durant, Kevin",Kevin Durant,1,2007,2020,kevin_durant,1610612751,Brooklyn,Nets,BKN,nets,Y,00
1123,204067,"Eddie, Jarell",Jarell Eddie,0,2015,2017,jarell_eddie,0,,,,,Y,01
1154,1627740,"Ellenson, Henry",Henry Ellenson,0,2016,2020,henry_ellenson,0,,,,,Y,11
1155,201961,"Ellington, Wayne",Wayne Ellington,1,2009,2020,wayne_ellington,1610612765,Detroit,Pistons,DET,pistons,Y,00
1166,101145,"Ellis, Monta",Monta Ellis,0,2005,2016,monta_ellis,0,,,,,Y,00
1172,203954,"Embiid, Joel",Joel Embiid,1,2014,2020,joel_embiid,1610612755,Philadelphia,76ers,PHI,sixers,Y,00
1185,203898,"Ennis, Tyler",Tyler Ennis,0,2014,2017,tyler_ennis,0,,,,,Y,01
1186,203516,"Ennis III, James",James Ennis III,1,2014,2020,james_ennis iii,1610612753,Orlando,Magic,ORL,magic,Y,01
1201,202379,"Evans, Jeremy",Jeremy Evans,0,2010,2017,jeremy_evans,0,,,,,Y,01
1205,201936,"Evans, Tyreke",Tyreke Evans,0,2009,2018,tyreke_evans,0,,,,,Y,00
1209,203957,"Exum, Dante",Dante Exum,1,2014,2020,dante_exum,1610612745,Houston,Rockets,HOU,rockets,Y,00
1211,203105,"Ezeli, Festus",Festus Ezeli,0,2012,2016,festus_ezeli,0,,,,,Y,11
1217,202702,"Faried, Kenneth",Kenneth Faried,0,2011,2018,kenneth_faried,0,,,,,Y,00
1219,200770,"Farmar, Jordan",Jordan Farmar,0,2006,2016,jordan_farmar,0,,,,,Y,01
1226,202324,"Favors, Derrick",Derrick Favors,1,2010,2020,derrick_favors,1610612762,Utah,Jazz,UTA,jazz,Y,00
1235,1627770,"Felder, Kay",Kay Felder,0,2016,2017,kay_felder,0,,,,,Y,01
1236,1626245,"Felicio, Cristiano",Cristiano Felicio,1,2015,2020,cristiano_felicio,1610612741,Chicago,Bulls,CHI,bulls,Y,01
1240,101109,"Felton, Raymond",Raymond Felton,0,2005,2018,raymond_felton,0,,,,,Y,00
1251,1627812,"Ferrell, Yogi",Yogi Ferrell,1,2016,2020,yogi_ferrell,1610612746,LA,Clippers,LAC,clippers,Y,11
1263,1627827,"Finney-Smith, Dorian",Dorian Finney-Smith,1,2016,2020,dorian_finney-smith,1610612742,Dallas,Mavericks,DAL,mavericks,Y,00
1286,1627854,"Forbes, Bryn",Bryn Forbes,1,2016,2020,bryn_forbes,1610612749,Milwaukee,Bucks,MIL,bucks,Y,01
1308,203095,"Fournier, Evan",Evan Fournier,1,2012,2020,evan_fournier,1610612738,Boston,Celtics,BOS,celtics,Y,00
1316,200751,"Foye, Randy",Randy Foye,0,2006,2016,randy_foye,0,,,,,Y,00
1324,204025,"Frazier, Tim",Tim Frazier,1,2014,2020,tim_frazier,1610612763,Memphis,Grizzlies,MEM,grizzlies,Y,01
1330,202690,"Fredette, Jimmer",Jimmer Fredette,0,2011,2018,jimmer_fredette,0,,,,,Y,01
1341,101112,"Frye, Channing",Channing Frye,0,2005,2018,channing_frye,0,,,,,Y,00
1365,201568,"Gallinari, Danilo",Danilo Gallinari,1,2008,2020,danilo_gallinari,1610612737,Atlanta,Hawks,ATL,hawks,Y,00
1366,204038,"Galloway, Langston",Langston Galloway,1,2014,2020,langston_galloway,1610612756,Phoenix,Suns,PHX,suns,Y,01
1378,1627868,"Garino, Patricio",Patricio Garino,0,2016,2016,patricio_garino,0,,,,,Y,01
1398,201188,"Gasol, Marc",Marc Gasol,1,2008,2020,marc_gasol,1610612747,Los Angeles,Lakers,LAL,lakers,Y,00
1399,2200,"Gasol, Pau",Pau Gasol,0,2001,2018,pau_gasol,0,,,,,Y,00
1403,200752,"Gay, Rudy",Rudy Gay,1,2006,2020,rudy_gay,1610612759,San Antonio,Spurs,SAS,spurs,Y,00
1406,1627771,"Gbinije, Michael",Michael Gbinije,0,2016,2016,michael_gbinije,0,,,,,Y,01
1408,202087,"Gee, Alonzo",Alonzo Gee,0,2009,2016,alonzo_gee,0,,,,,Y,01
1413,202331,"George, Paul",Paul George,1,2010,2020,paul_george,1610612746,LA,Clippers,LAC,clippers,Y,00
1415,1627875,"Georges-Hunt, Marcus",Marcus Georges-Hunt,0,2016,2017,marcus_georges-hunt,0,,,,,Y,01
1424,1626780,"Gibson, Jonathan",Jonathan Gibson,0,2016,2018,jonathan_gibson,0,,,,,Y,00
1427,201959,"Gibson, Taj",Taj Gibson,1,2009,2020,taj_gibson,1610612752,New York,Knicks,NYK,knicks,Y,00
1444,1938,"Ginobili, Manu",Manu Ginobili,0,2002,2017,manu_ginobili,0,,,,,Y,00
1457,203497,"Gobert, Rudy",Rudy Gobert,1,2013,2020,rudy_gobert,1610612762,Utah,Jazz,UTA,jazz,Y,01
1468,203462,"Goodwin, Archie",Archie Goodwin,0,2013,2016,archie_goodwin,0,,,,,Y,01
1471,203932,"Gordon, Aaron",Aaron Gordon,1,2014,2020,aaron_gordon,1610612743,Denver,Nuggets,DEN,nuggets,Y,00
1474,201569,"Gordon, Eric",Eric Gordon,1,2008,2020,eric_gordon,1610612745,Houston,Rockets,HOU,rockets,Y,00
1477,101162,"Gortat, Marcin",Marcin Gortat,0,2007,2018,marcin_gortat,0,,,,,Y,01
1490,1626203,"Graham, Treveon",Treveon Graham,0,2016,2019,treveon_graham,0,,,,,Y,01
1501,203924,"Grant, Jerami",Jerami Grant,1,2014,2020,jerami_grant,1610612765,Detroit,Pistons,DET,pistons,Y,00
1502,1626170,"Grant, Jerian",Jerian Grant,0,2015,2019,jerian_grant,0,,,,,Y,01
1522,201980,"Green, Danny",Danny Green,1,2009,2020,danny_green,1610612755,Philadelphia,76ers,PHI,sixers,Y,01
1524,203110,"Green, Draymond",Draymond Green,1,2012,2020,draymond_green,1610612744,Golden State,Warriors,GSW,warriors,Y,00
1526,101123,"Green, Gerald",Gerald Green,0,2005,2018,gerald_green,0,,,,,Y,01
1527,203210,"Green, JaMychal",JaMychal Green,1,2014,2020,jamychal_green,1610612743,Denver,Nuggets,DEN,nuggets,Y,01
1529,201145,"Green, Jeff",Jeff Green,1,2007,2020,jeff_green,1610612751,Brooklyn,Nets,BKN,nets,Y,00
1558,201933,"Griffin, Blake",Blake Griffin,1,2009,2020,blake_griffin,1610612751,Brooklyn,Nets,BKN,nets,Y,00
1620,203120,"Hamilton, Justin",Justin Hamilton,0,2013,2016,justin_hamilton,0,,,,,Y,01
1630,1627773,"Hammons, AJ",AJ Hammons,0,2016,2016,aj_hammons,0,,,,,Y,01
1651,203501,"Hardaway Jr., Tim",Tim Hardaway Jr.,1,2013,2020,tim_hardaway jr.,1610612742,Dallas,Mavericks,DAL,mavericks,Y,01
1652,201935,"Harden, James",James Harden,1,2009,2020,james_harden,1610612751,Brooklyn,Nets,BKN,nets,Y,00
1658,203090,"Harkless, Maurice",Maurice Harkless,1,2012,2020,maurice_harkless,1610612758,Sacramento,Kings,SAC,kings,Y,00
1664,202712,"Harper, Justin",Justin Harper,0,2011,2016,justin_harper,0,,,,,Y,01
1668,1626149,"Harrell, Montrezl",Montrezl Harrell,1,2015,2020,montrezl_harrell,1610612747,Los Angeles,Lakers,LAL,lakers,Y,01
1678,2734,"Harris, Devin",Devin Harris,0,2004,2018,devin_harris,0,,,,,Y,00
1680,203914,"Harris, Gary",Gary Harris,1,2014,2020,gary_harris,1610612753,Orlando,Magic,ORL,magic,Y,00
1682,203925,"Harris, Joe",Joe Harris,1,2014,2020,joe_harris,1610612751,Brooklyn,Nets,BKN,nets,Y,01
1684,202412,"Harris, Manny",Manny Harris,0,2010,2016,manny_harris,0,,,,,Y,01
1688,202699,"Harris, Tobias",Tobias Harris,1,2011,2020,tobias_harris,1610612755,Philadelphia,76ers,PHI,sixers,Y,00
1690,1626151,"Harrison, Aaron",Aaron Harrison,0,2015,2017,aaron_harrison,0,,,,,Y,01
1691,1626150,"Harrison, Andrew",Andrew Harrison,0,2016,2018,andrew_harrison,0,,,,,Y,01
1703,2617,"Haslem, Udonis",Udonis Haslem,1,2003,2020,udonis_haslem,1610612748,Miami,Heat,MIA,heat,Y,00
1711,201150,"Hawes, Spencer",Spencer Hawes,0,2007,2016,spencer_hawes,0,,,,,Y,01
1728,202330,"Hayward, Gordon",Gordon Hayward,1,2010,2020,gordon_hayward,1610612766,Charlotte,Hornets,CHA,hornets,Y,00
1748,201945,"Henderson, Gerald",Gerald Henderson,0,2009,2016,gerald_henderson,0,,,,,Y,00
1763,203089,"Henson, John",John Henson,0,2012,2019,john_henson,0,,,,,Y,00
1768,1627823,"Hernangomez, Juancho",Juancho Hernangomez,1,2016,2020,juan_hernangomez,1610612750,Minnesota,Timberwolves,MIN,timberwolves,Y,01
1769,1626195,"Hernangomez, Willy",Willy Hernangomez,1,2016,2020,willy_hernangomez,1610612740,New Orleans,Pelicans,NOP,pelicans,Y,00
1781,1626209,"Hezonja, Mario",Mario Hezonja,0,2015,2019,mario_hezonja,0,,,,,Y,00
1782,201579,"Hibbert, Roy",Roy Hibbert,0,2008,2016,roy_hibbert,0,,,,,Y,00
1787,1627741,"Hield, Buddy",Buddy Hield,1,2016,2020,buddy_hield,1610612758,Sacramento,Kings,SAC,kings,Y,00
1796,2403,Nene,Nene,0,2002,2018,nene_hilario,0,,,,,Y,00
1800,201588,"Hill, George",George Hill,1,2008,2020,george_hill,1610612755,Philadelphia,76ers,PHI,sixers,Y,00
1803,201941,"Hill, Jordan",Jordan Hill,0,2009,2016,jordan_hill,0,,,,,Y,00
1804,203524,"Hill, Solomon",Solomon Hill,1,2013,2020,solomon_hill,1610612737,Atlanta,Hawks,ATL,hawks,Y,01
1808,1626199,"Hilliard, Darrun",Darrun Hilliard,0,2015,2017,darrun_hilliard,0,,,,,Y,01
1830,201950,"Holiday, Jrue",Jrue Holiday,1,2009,2020,jrue_holiday,1610612749,Milwaukee,Bucks,MIL,bucks,Y,00
1831,203200,"Holiday, Justin",Justin Holiday,1,2012,2020,justin_holiday,1610612754,Indiana,Pacers,IND,pacers,Y,01
1834,204066,"Holland, John",John Holland,0,2015,2018,john_holland,0,,,,,Y,01
1839,1626178,"Hollis-Jefferson, Rondae",Rondae Hollis-Jefferson,1,2015,2020,rondae_hollis-jefferson,1610612757,Portland,Trail Blazers,POR,blazers,Y,00
1840,1626158,"Holmes, Richaun",Richaun Holmes,1,2015,2020,richaun_holmes,1610612758,Sacramento,Kings,SAC,kings,Y,01
1851,203918,"Hood, Rodney",Rodney Hood,1,2014,2020,rodney_hood,1610612761,Toronto,Raptors,TOR,raptors,Y,00
1856,203816,"Hopson, Scotty",Scotty Hopson,0,2013,2017,scotty_hopson,0,,,,,Y,01
1859,201143,"Horford, Al",Al Horford,1,2007,2020,al_horford,1610612760,Oklahoma City,Thunder,OKC,thunder,Y,00
1870,1627863,"House Jr., Danuel",Danuel House Jr.,1,2016,2020,danuel_house,1610612745,Houston,Rockets,HOU,rockets,Y,01
1875,2730,"Howard, Dwight",Dwight Howard,1,2004,2020,dwight_howard,1610612755,Philadelphia,76ers,PHI,sixers,Y,00
1890,1626273,"Huertas, Marcelo",Marcelo Huertas,0,2015,2016,marcelo_huertas,0,,,,,Y,00
1892,203962,"Huestis, Josh",Josh Huestis,0,2015,2017,josh_huestis,0,,,,,Y,11
1905,2743,"Humphries, Kris",Kris Humphries,0,2004,2016,kris_humphries,0,,,,,Y,00
1914,1626154,"Hunter, RJ",RJ Hunter,0,2015,2018,rj_hunter,0,,,,,Y,01
1926,201586,"Ibaka, Serge",Serge Ibaka,1,2009,2020,serge_ibaka,1610612746,LA,Clippers,LAC,clippers,Y,00
1927,2738,"Iguodala, Andre",Andre Iguodala,1,2004,2020,andre_iguodala,1610612748,Miami,Heat,MIA,heat,Y,00
1930,101141,"Ilyasova, Ersan",Ersan Ilyasova,1,2006,2020,ersan_ilyasova,1610612762,Utah,Jazz,UTA,jazz,Y,01
1933,204060,"Ingles, Joe",Joe Ingles,1,2014,2020,joe_ingles,1610612762,Utah,Jazz,UTA,jazz,Y,00
1936,1627742,"Ingram, Brandon",Brandon Ingram,1,2016,2020,brandon_ingram,1610612740,New Orleans,Pelicans,NOP,pelicans,Y,00
1939,202681,"Irving, Kyrie",Kyrie Irving,1,2011,2020,kyrie_irving,1610612751,Brooklyn,Nets,BKN,nets,Y,00
1946,101127,"Jack, Jarrett",Jarrett Jack,0,2005,2017,jarrett_jack,0,,,,,Y,11
1952,1627743,"Jackson, Demetrius",Demetrius Jackson,0,2016,2018,demetrius_jackson,0,,,,,Y,01
1967,203510,"Jackson, Pierre",Pierre Jackson,0,2016,2016,pierre_jackson,0,,,,,Y,01
1970,202704,"Jackson, Reggie",Reggie Jackson,1,2011,2020,reggie_jackson,1610612746,LA,Clippers,LAC,clippers,Y,01
1988,2544,"James, LeBron",LeBron James,1,2003,2020,lebron_james,1610612747,Los Angeles,Lakers,LAL,lakers,Y,00
2004,2744,"Jefferson, Al",Al Jefferson,0,2004,2017,al_jefferson,0,,,,,Y,00
2008,2210,"Jefferson, Richard",Richard Jefferson,0,2001,2017,richard_jefferson,0,,,,,Y,00
2013,203098,"Jenkins, John",John Jenkins,0,2012,2018,john_jenkins,0,,,,,Y,01
2014,201943,"Jennings, Brandon",Brandon Jennings,0,2009,2017,brandon_jennings,0,,,,,Y,01
2018,201973,"Jerebko, Jonas",Jonas Jerebko,0,2009,2018,jonas_jerebko,0,,,,,Y,00
2027,101161,"Johnson, Amir",Amir Johnson,0,2005,2018,amir_johnson,0,,,,,Y,11
2034,1627744,"Johnson, Brice",Brice Johnson,0,2016,2017,brice_johnson,0,,,,,Y,01
2062,201949,"Johnson, James",James Johnson,1,2009,2020,james_johnson,1610612740,New Orleans,Pelicans,NOP,pelicans,Y,01
2063,2207,"Johnson, Joe",Joe Johnson,0,2001,2017,joe_johnson,0,,,,,Y,00
2086,1626169,"Johnson, Stanley",Stanley Johnson,1,2015,2020,stanley_johnson,1610612761,Toronto,Raptors,TOR,raptors,Y,01
2090,204020,"Johnson, Tyler",Tyler Johnson,1,2014,2020,tyler_johnson,1610612751,Brooklyn,Nets,BKN,nets,Y,01
2092,202325,"Johnson, Wesley",Wesley Johnson,0,2010,2018,wesley_johnson,0,,,,,Y,00
2097,203999,"Jokic, Nikola",Nikola Jokic,1,2015,2020,nikola_jokic,1610612743,Denver,Nuggets,DEN,nuggets,Y,00
2109,2563,"Jones, Dahntay",Dahntay Jones,0,2003,2016,dahntay_jones,0,,,,,Y,01
2110,1627745,"Jones, Damian",Damian Jones,1,2016,2020,damian_jones,1610612758,Sacramento,Kings,SAC,kings,Y,01
2123,2592,"Jones, James",James Jones,0,2003,2016,james_jones,0,,,,,Y,00
2144,203093,"Jones, Terrence",Terrence Jones,0,2012,2018,terrence_jones,0,,,,,Y,01
2146,1626145,"Jones, Tyus",Tyus Jones,1,2015,2020,tyus_jones,1610612763,Memphis,Grizzlies,MEM,grizzlies,Y,01
2153,1627884,"Jones Jr., Derrick",Derrick Jones Jr.,1,2016,2020,derrick_jones jr.,1610612757,Portland,Trail Blazers,POR,blazers,Y,01
2155,201599,"Jordan, DeAndre",DeAndre Jordan,1,2008,2020,deandre_jordan,1610612751,Brooklyn,Nets,BKN,nets,Y,00
2166,202709,"Joseph, Cory",Cory Joseph,1,2011,2020,cory_joseph,1610612765,Detroit,Pistons,DET,pistons,Y,01
2176,1626163,"Kaminsky, Frank",Frank Kaminsky,1,2015,2020,frank_kaminsky,1610612756,Phoenix,Suns,PHX,suns,Y,00
2177,202683,"Kanter, Enes",Enes Kanter,1,2011,2020,enes_kanter,1610612757,Portland,Trail Blazers,POR,blazers,Y,00
2199,203527,"Kelly, Ryan",Ryan Kelly,0,2013,2016,ryan_kelly,0,,,,,Y,01
2225,203077,"Kidd-Gilchrist, Michael",Michael Kidd-Gilchrist,0,2012,2019,michael_kidd-gilchrist,0,,,,,Y,00
2230,203930,"Kilpatrick, Sean",Sean Kilpatrick,0,2014,2017,sean_kilpatrick,0,,,,,Y,01
2269,202688,"Knight, Brandon",Brandon Knight,0,2011,2019,brandon_knight,0,,,,,Y,01
2292,2594,"Korver, Kyle",Kyle Korver,0,2003,2019,kyle_korver,0,,,,,Y,00
2296,201585,"Koufos, Kosta",Kosta Koufos,0,2008,2018,kosta_koufos,0,,,,,Y,01
2325,1627851,"Kuzminskas, Mindaugas",Mindaugas Kuzminskas,0,2016,2017,mindaugas_kuzminskas,0,,,,,Y,00
2331,203897,"LaVine, Zach",Zach LaVine,1,2014,2020,zach_lavine,1610612741,Chicago,Bulls,CHI,bulls,Y,00
2332,1627746,"Labissiere, Skal",Skal Labissiere,0,2016,2019,skal_labissiere,0,,,,,Y,11
2341,203087,"Lamb, Jeremy",Jeremy Lamb,1,2012,2020,jeremy_lamb,1610612754,Indiana,Pacers,IND,pacers,Y,01
2360,1627879,"Laprovittola, Nicolas",Nicolas Laprovittola,0,2016,2016,nicolas_laprovittola,0,,,,,Y,00
2362,203499,"Larkin, Shane",Shane Larkin,0,2013,2017,shane_larkin,0,,,,,Y,01
2369,203530,"Lauvergne, Joffrey",Joffrey Lauvergne,0,2014,2017,joffrey_lauvergne,0,,,,,Y,00
2377,201951,"Lawson, Ty",Ty Lawson,0,2009,2017,ty_lawson,0,,,,,Y,00
2378,1627774,"Layman, Jake",Jake Layman,1,2016,2020,jake_layman,1610612750,Minnesota,Timberwolves,MIN,timberwolves,Y,01
2380,1627747,"LeVert, Caris",Caris LeVert,1,2016,2020,caris_levert,1610612754,Indiana,Pacers,IND,pacers,Y,00
2391,201584,"Lee, Courtney",Courtney Lee,0,2008,2019,courtney_lee,0,,,,,Y,01
2393,101135,"Lee, David",David Lee,0,2005,2016,david_lee,0,,,,,Y,00
2409,203458,"Len, Alex",Alex Len,1,2013,2020,alex_len,1610612764,Washington,Wizards,WAS,wizards,Y,00
2413,202695,"Leonard, Kawhi",Kawhi Leonard,1,2011,2020,kawhi_leonard,1610612746,LA,Clippers,LAC,clippers,Y,00
2414,203086,"Leonard, Meyers",Meyers Leonard,0,2012,2020,meyers_leonard,0,,,,,Y,00
2419,202720,"Leuer, Jon",Jon Leuer,0,2011,2018,jon_leuer,0,,,,,Y,01
2436,202732,"Liggins, DeAndre",DeAndre Liggins,0,2011,2017,deandre_liggins,0,,,,,Y,01
2438,203081,"Lillard, Damian",Damian Lillard,1,2012,2020,damian_lillard,1610612757,Portland,Trail Blazers,POR,blazers,Y,00
2439,202391,"Lin, Jeremy",Jeremy Lin,0,2010,2018,jeremy_lin,0,,,,,Y,11
2444,2733,"Livingston, Shaun",Shaun Livingston,0,2004,2018,shaun_livingston,0,,,,,Y,01
2463,1627848,"Long, Shawn",Shawn Long,0,2016,2016,shawn_long,0,,,,,Y,01
2465,1626172,"Looney, Kevon",Kevon Looney,1,2015,2020,kevon_looney,1610612744,Golden State,Warriors,GSW,warriors,Y,01
2466,201572,"Lopez, Brook",Brook Lopez,1,2008,2020,brook_lopez,1610612749,Milwaukee,Bucks,MIL,bucks,Y,00
2469,201577,"Lopez, Robin",Robin Lopez,1,2008,2020,robin_lopez,1610612764,Washington,Wizards,WAS,wizards,Y,00
2476,201567,"Love, Kevin",Kevin Love,1,2008,2020,kevin_love,1610612739,Cleveland,Cavaliers,CLE,cavaliers,Y,00
2481,200768,"Lowry, Kyle",Kyle Lowry,1,2006,2020,kyle_lowry,1610612761,Toronto,Raptors,TOR,raptors,Y,00
2486,203564,"Lucas, Kalin",Kalin Lucas,0,2014,2018,kalin_lucas,0,,,,,Y,01
2488,101249,"Lucas III, John",John Lucas III,0,2005,2016,john_lucas iii,0,,,,,Y,01
2495,1627789,"Luwawu-Cabarrot, Timothe",Timothe Luwawu-Cabarrot,1,2016,2020,timothe_luwawu-cabarrot,1610612751,Brooklyn,Nets,BKN,nets,Y,01
2497,1626168,"Lyles, Trey",Trey Lyles,1,2015,2020,trey_lyles,1610612759,San Antonio,Spurs,SAS,spurs,Y,00
2501,1627815,"Mac, Sheldon",Sheldon Mac,0,2016,2016,sheldon_mac,0,,,,,Y,11
2507,203159,"Machado, Scott",Scott Machado,0,2012,2018,scott_machado,0,,,,,Y,01
2511,202714,"Mack, Shelvin",Shelvin Mack,0,2011,2018,shelvin_mack,0,,,,,Y,01
2530,101133,"Mahinmi, Ian",Ian Mahinmi,0,2007,2019,ian_mahinmi,0,,,,,Y,01
2536,1627748,"Maker, Thon",Thon Maker,0,2016,2020,thon_maker,0,,,,,Y,00
2565,1626246,"Marjanovic, Boban",Boban Marjanovic,1,2015,2020,boban_marjanovic,1610612742,Dallas,Mavericks,DAL,mavericks,Y,01
2590,1626185,"Martin, Jarell",Jarell Martin,0,2015,2018,jarell_martin,0,,,,,Y,01
2615,202083,"Matthews, Wesley",Wesley Matthews,1,2009,2020,wesley_matthews,1610612747,Los Angeles,Lakers,LAL,lakers,Y,00
2635,201601,"Mbah a Moute, Luc",Luc Mbah a Moute,0,2008,2019,luc_mbah a moute,0,,,,,Y,00
2638,203949,"McAdoo, James Michael",James Michael McAdoo,0,2014,2017,james michael_mcadoo,0,,,,,Y,01
2654,1627775,"McCaw, Patrick",Patrick McCaw,0,2016,2020,patrick_mccaw,0,,,,,Y,01
2660,203468,"McCollum, CJ",CJ McCollum,1,2013,2020,cj_mccollum,1610612757,Portland,Trail Blazers,POR,blazers,Y,01
2663,204456,"McConnell, T.J.",T.J. McConnell,1,2015,2020,t.j._mcconnell,1610612754,Indiana,Pacers,IND,pacers,Y,00
2672,1626191,"McCullough, Chris",Chris McCullough,0,2015,2017,chris_mccullough,0,,,,,Y,01
2679,203909,"McDaniels, KJ",KJ McDaniels,0,2014,2016,kj_mcdaniels,0,,,,,Y,11
2680,203926,"McDermott, Doug",Doug McDermott,1,2014,2020,doug_mcdermott,1610612754,Indiana,Pacers,IND,pacers,Y,00
2691,201580,"McGee, JaVale",JaVale McGee,1,2008,2020,javale_mcgee,1610612743,Denver,Nuggets,DEN,nuggets,Y,00
2698,203585,"McGruder, Rodney",Rodney McGruder,1,2016,2020,rodney_mcgruder,1610612765,Detroit,Pistons,DET,pistons,Y,01
2718,203463,"McLemore, Ben",Ben McLemore,1,2013,2020,ben_mclemore,1610612747,Los Angeles,Lakers,LAL,lakers,Y,01
2739,203895,"McRae, Jordan",Jordan McRae,0,2015,2019,jordan_mcrae,0,,,,,Y,01
2741,201177,"McRoberts, Josh",Josh McRoberts,0,2007,2017,josh_mcroberts,0,,,,,Y,01
2746,201975,"Meeks, Jodie",Jodie Meeks,0,2009,2018,jodie_meeks,0,,,,,Y,00
2752,1626257,"Mejri, Salah",Salah Mejri,0,2015,2018,salah_mejri,0,,,,,Y,01
2775,1626175,"Mickey, Jordan",Jordan Mickey,0,2015,2017,jordan_mickey,0,,,,,Y,01
2776,203114,"Middleton, Khris",Khris Middleton,1,2012,2020,khris_middleton,1610612749,Milwaukee,Bucks,MIL,bucks,Y,01
2786,101139,"Miles, CJ",CJ Miles,0,2005,2019,cj_miles,0,,,,,Y,01
2797,203121,"Miller, Darius",Darius Miller,0,2012,2020,darius_miller,0,,,,,Y,01
2803,2034,"Miller, Mike",Mike Miller,0,2000,2016,mike_miller,0,,,,,Y,00
2810,201988,"Mills, Patty",Patty Mills,1,2009,2020,patty_mills,1610612759,San Antonio,Spurs,SAS,spurs,Y,01
2812,202407,"Millsap, Elijah",Elijah Millsap,0,2014,2016,elijah_millsap,0,,,,,Y,01
2813,200794,"Millsap, Paul",Paul Millsap,1,2006,2020,paul_millsap,1610612743,Denver,Nuggets,DEN,nuggets,Y,00
2820,202703,"Mirotic, Nikola",Nikola Mirotic,0,2014,2018,nikola_mirotic,0,,,,,Y,00
2848,202328,"Monroe, Greg",Greg Monroe,0,2010,2018,greg_monroe,0,,,,,Y,00
2850,1626242,"Montero, Luis",Luis Montero,0,2015,2017,luis_montero,0,,,,,Y,01
2858,202734,"Moore, E'Twaun",E'Twaun Moore,1,2011,2020,e'twaun_moore,1610612756,Phoenix,Suns,PHX,suns,Y,00
2867,203961,"Moreland, Eric",Eric Moreland,0,2014,2018,eric_moreland,0,,,,,Y,01
2878,202693,"Morris, Markieff",Markieff Morris,1,2011,2020,markieff_morris,1610612747,Los Angeles,Lakers,LAL,lakers,Y,00
2883,202694,"Morris Sr., Marcus",Marcus Morris Sr.,1,2011,2020,marcus_morris,1610612746,LA,Clippers,LAC,clippers,Y,01
2887,201627,"Morrow, Anthony",Anthony Morrow,0,2008,2016,anthony_morrow,0,,,,,Y,00
2894,202700,"Motiejunas, Donatas",Donatas Motiejunas,0,2012,2018,donatas_motiejunas,0,,,,,Y,01
2899,202389,"Mozgov, Timofey",Timofey Mozgov,0,2010,2018,timofey_mozgov,0,,,,,Y,00
2901,1626144,"Mudiay, Emmanuel",Emmanuel Mudiay,0,2015,2019,emmanuel_mudiay,0,,,,,Y,00
2903,203498,"Muhammad, Shabazz",Shabazz Muhammad,0,2013,2017,shabazz_muhammad,0,,,,,Y,01
2911,204098,"Munford, Xavier",Xavier Munford,0,2015,2017,xavier_munford,0,,,,,Y,01
2926,1627749,"Murray, Dejounte",Dejounte Murray,1,2016,2020,dejounte_murray,1610612759,San Antonio,Spurs,SAS,spurs,Y,01
2928,1627750,"Murray, Jamal",Jamal Murray,1,2016,2020,jamal_murray,1610612743,Denver,Nuggets,DEN,nuggets,Y,00
2935,203488,"Muscala, Mike",Mike Muscala,1,2013,2020,mike_muscala,1610612760,Oklahoma City,Thunder,OKC,thunder,Y,01
2954,1626204,"Nance Jr., Larry",Larry Nance Jr.,1,2015,2020,larry_nance jr.,1610612739,Cleveland,Cavaliers,CLE,cavaliers,Y,00
2955,203894,"Napier, Shabazz",Shabazz Napier,0,2014,2019,shabazz_napier,0,,,,,Y,01
2968,1626254,"Ndour, Maurice",Maurice Ndour,0,2016,2016,maurice_ndour,0,,,,,Y,01
2970,202390,"Neal, Gary",Gary Neal,0,2010,2016,gary_neal,0,,,,,Y,01
2979,2749,"Nelson, Jameer",Jameer Nelson,0,2004,2017,jameer_nelson,0,,,,,Y,00
2986,203526,"Neto, Raul",Raul Neto,1,2015,2020,raul_neto,1610612764,Washington,Wizards,WAS,wizards,Y,01
2997,1627777,"Niang, Georges",Georges Niang,1,2016,2020,georges_niang,1610612762,Utah,Jazz,UTA,jazz,Y,01
3000,203094,"Nicholson, Andrew",Andrew Nicholson,0,2012,2016,andrew_nicholson,0,,,,,Y,00
3010,201149,"Noah, Joakim",Joakim Noah,0,2007,2019,joakim_noah,0,,,,,Y,01
3014,203457,"Noel, Nerlens",Nerlens Noel,1,2013,2020,nerlens_noel,1610612752,New York,Knicks,NYK,knicks,Y,00
3016,203512,"Nogueira, Lucas",Lucas Nogueira,0,2014,2017,lucas_nogueira,0,,,,,Y,01
3032,200779,"Novak, Steve",Steve Novak,0,2006,2016,steve_novak,0,,,,,Y,01
3035,1717,"Nowitzki, Dirk",Dirk Nowitzki,0,1998,2018,dirk_nowitzki,0,,,,,Y,00
3038,203263,"Nunnally, James",James Nunnally,1,2013,2020,james_nunnally,1610612740,New Orleans,Pelicans,NOP,pelicans,Y,01
3039,203994,"Nurkic, Jusuf",Jusuf Nurkic,1,2014,2020,jusuf_nurkic,1610612757,Portland,Trail Blazers,POR,blazers,Y,00
3041,1628021,"Nwaba, David",David Nwaba,1,2016,2020,david_nwaba,1610612745,Houston,Rockets,HOU,rockets,Y,01
3051,203948,"O'Bryant III, Johnny",Johnny O'Bryant III,0,2014,2017,johnny_o'bryant iii,0,,,,,Y,01
3063,203124,"O'Quinn, Kyle",Kyle O'Quinn,0,2012,2019,kyle_o'quinn,0,,,,,Y,00
3069,1627849,"Ochefu, Daniel",Daniel Ochefu,0,2016,2016,daniel_ochefu,0,,,,,Y,01
3078,2731,"Okafor, Emeka",Emeka Okafor,0,2004,2017,emeka_okafor,0,,,,,Y,01
3079,1626143,"Okafor, Jahlil",Jahlil Okafor,1,2015,2020,jahlil_okafor,1610612765,Detroit,Pistons,DET,pistons,Y,00
3087,203506,"Oladipo, Victor",Victor Oladipo,1,2013,2020,victor_oladipo,1610612748,Miami,Heat,MIA,heat,Y,00
3102,203482,"Olynyk, Kelly",Kelly Olynyk,1,2013,2020,kelly_olynyk,1610612745,Houston,Rockets,HOU,rockets,Y,00
3104,202620,"Onuaku, Arinze",Arinze Onuaku,0,2013,2016,arinze_onuaku,0,,,,,Y,01
3105,1627778,"Onuaku, Chinanu",Chinanu Onuaku,0,2016,2017,chinanu_onuaku,0,,,,,Y,01
3119,1626162,"Oubre Jr., Kelly",Kelly Oubre Jr.,1,2015,2020,kelly_oubre jr.,1610612744,Golden State,Warriors,GSW,warriors,Y,00
3137,2585,"Pachulia, Zaza",Zaza Pachulia,0,2003,2018,zaza_pachulia,0,,,,,Y,00
3149,1627834,"Papagiannis, Georgios",Georgios Papagiannis,0,2016,2017,georgios_papagiannis,0,,,,,Y,01
3152,202951,"Pargo, Jeremy",Jeremy Pargo,0,2011,2019,jeremy_pargo,0,,,,,Y,01
3157,203953,"Parker, Jabari",Jabari Parker,1,2014,2020,jabari_parker,1610612738,Boston,Celtics,BOS,celtics,Y,00
3160,2225,"Parker, Tony",Tony Parker,0,2001,2018,tony_parker,0,,,,,Y,00
3166,202718,"Parsons, Chandler",Chandler Parsons,0,2011,2019,chandler_parsons,0,,,,,Y,00
3176,203934,"Patterson, Lamar",Lamar Patterson,0,2015,2016,lamar_patterson,0,,,,,Y,01
3177,202335,"Patterson, Patrick",Patrick Patterson,1,2010,2020,patrick_patterson,1610612746,LA,Clippers,LAC,clippers,Y,01
3184,101108,"Paul, Chris",Chris Paul,1,2005,2020,chris_paul,1610612756,Phoenix,Suns,PHX,suns,Y,00
3193,203940,"Payne, Adreian",Adreian Payne,0,2014,2017,adreian_payne,0,,,,,Y,01
3194,1626166,"Payne, Cameron",Cameron Payne,1,2015,2020,cameron_payne,1610612756,Phoenix,Suns,PHX,suns,Y,01
3197,203901,"Payton, Elfrid",Elfrid Payton,1,2014,2020,elfrid_payton,1610612752,New York,Knicks,NYK,knicks,Y,00
3200,1627780,"Payton II, Gary",Gary Payton II,1,2016,2020,gary_payton ii,1610612744,Golden State,Warriors,GSW,warriors,Y,11
3206,201593,"Pekovic, Nikola",Nikola Pekovic,0,2010,2016,nikola_pekovic,0,,,,,Y,00
3215,2570,"Perkins, Kendrick",Kendrick Perkins,0,2003,2017,kendrick_perkins,0,,,,,Y,01
3249,1718,"Pierce, Paul",Paul Pierce,0,1998,2016,paul_pierce,0,,,,,Y,00
3265,1627850,"Plumlee, Marshall",Marshall Plumlee,0,2016,2017,marshall_plumlee,0,,,,,Y,01
3266,203486,"Plumlee, Mason",Mason Plumlee,1,2013,2020,mason_plumlee,1610612765,Detroit,Pistons,DET,pistons,Y,00
3267,203101,"Plumlee, Miles",Miles Plumlee,0,2012,2018,miles_plumlee,0,,,,,Y,01
3270,1627751,"Poeltl, Jakob",Jakob Poeltl,1,2016,2020,jakob_poeltl,1610612759,San Antonio,Spurs,SAS,spurs,Y,01
3279,202347,"Pondexter, Quincy",Quincy Pondexter,0,2010,2018,quincy_pondexter,0,,,,,Y,00
3293,203490,"Porter Jr., Otto",Otto Porter Jr.,1,2013,2020,otto_porter jr.,1610612753,Orlando,Magic,ORL,magic,Y,00
3294,1626171,"Portis, Bobby",Bobby Portis,1,2015,2020,bobby_portis,1610612749,Milwaukee,Bucks,MIL,bucks,Y,01
3296,204001,"Porzingis, Kristaps",Kristaps Porzingis,1,2015,2020,kristaps_porzingis,1610612742,Dallas,Mavericks,DAL,mavericks,Y,00
3301,203939,"Powell, Dwight",Dwight Powell,1,2014,2020,dwight_powell,1610612742,Dallas,Mavericks,DAL,mavericks,Y,01
3304,1626181,"Powell, Norman",Norman Powell,1,2015,2020,norman_powell,1610612757,Portland,Trail Blazers,POR,blazers,Y,01
3306,1627816,"Poythress, Alex",Alex Poythress,0,2016,2018,alex_poythress,0,,,,,Y,01
3316,101179,"Price, Ronnie",Ronnie Price,0,2005,2016,ronnie_price,0,,,,,Y,00
3320,1627752,"Prince, Taurean",Taurean Prince,1,2016,2020,taurean_prince,1610612739,Cleveland,Cavaliers,CLE,cavaliers,Y,01
3335,1627817,"Quarterman, Tim",Tim Quarterman,0,2016,2017,tim_quarterman,0,,,,,Y,01
3363,1626184,"Randle, Chasson",Chasson Randle,1,2016,2020,chasson_randle,1610612753,Orlando,Magic,ORL,magic,Y,11
3364,203944,"Randle, Julius",Julius Randle,1,2014,2020,julius_randle,1610612752,New York,Knicks,NYK,knicks,Y,00
3367,2216,"Randolph, Zach",Zach Randolph,0,2001,2017,zach_randolph,0,,,,,Y,00
3393,200755,"Redick, JJ",JJ Redick,1,2006,2020,jj_redick,1610612742,Dallas,Mavericks,DAL,mavericks,Y,00
3400,203186,"Reed, Willie",Willie Reed,0,2012,2017,willie_reed,0,,,,,Y,01
3434,1626196,"Richardson, Josh",Josh Richardson,1,2015,2020,josh_richardson,1610612742,Dallas,Mavericks,DAL,mavericks,Y,01
3435,1627781,"Richardson, Malachi",Malachi Richardson,0,2016,2018,malachi_richardson,0,,,,,Y,11
3460,203085,"Rivers, Austin",Austin Rivers,1,2012,2020,austin_rivers,1610612743,Denver,Nuggets,DEN,nuggets,Y,00
3464,203460,"Roberson, Andre",Andre Roberson,0,2013,2020,andre_roberson,0,,,,,Y,01
3470,203148,"Roberts, Brian",Brian Roberts,0,2012,2016,brian_roberts,0,,,,,Y,00
3501,203080,"Robinson, Thomas",Thomas Robinson,0,2012,2016,thomas_robinson,0,,,,,Y,01
3504,203922,"Robinson III, Glenn",Glenn Robinson III,0,2014,2020,glenn_robinson iii,0,,,,,Y,01
3514,200771,"Rodriguez, Sergio",Sergio Rodriguez,0,2006,2016,sergio_rodriguez,0,,,,,Y,00
3528,200765,"Rondo, Rajon",Rajon Rondo,1,2006,2020,rajon_rondo,1610612746,LA,Clippers,LAC,clippers,Y,00
3530,201565,"Rose, Derrick",Derrick Rose,1,2008,2020,derrick_rose,1610612752,New York,Knicks,NYK,knicks,Y,00
3539,203082,"Ross, Terrence",Terrence Ross,1,2012,2020,terrence_ross,1610612753,Orlando,Magic,ORL,magic,Y,00
3555,1626179,"Rozier, Terry",Terry Rozier,1,2015,2020,terry_rozier,1610612766,Charlotte,Hornets,CHA,hornets,Y,01
3556,201937,"Rubio, Ricky",Ricky Rubio,1,2011,2020,ricky_rubio,1610612750,Minnesota,Timberwolves,MIN,timberwolves,Y,00
3560,204014,"Rudez, Damjan",Damjan Rudez,0,2014,2016,damjan_rudez,0,,,,,Y,00
3570,201575,"Rush, Brandon",Brandon Rush,0,2008,2016,brandon_rush,0,,,,,Y,00
3576,1626156,"Russell, D'Angelo",D'Angelo Russell,1,2015,2020,d'angelo_russell,1610612750,Minnesota,Timberwolves,MIN,timberwolves,Y,00
3581,1627734,"Sabonis, Domantas",Domantas Sabonis,1,2016,2020,domantas_sabonis,1610612754,Indiana,Pacers,IND,pacers,Y,00
3592,203960,"Sampson, JaKarr",JaKarr Sampson,1,2014,2020,jakarr_sampson,1610612754,Indiana,Pacers,IND,pacers,Y,01
3599,202336,"Sanders, Larry",Larry Sanders,0,2010,2016,larry_sanders,0,,,,,Y,01
3606,203967,"Saric, Dario",Dario Saric,1,2016,2020,dario_saric,1610612756,Phoenix,Suns,PHX,suns,Y,00
3609,203107,"Satoransky, Tomas",Tomas Satoransky,1,2016,2020,tomas_satoransky,1610612741,Chicago,Bulls,CHI,bulls,Y,00
3644,203471,"Schroder, Dennis",Dennis Schroder,1,2013,2020,dennis_schroder,1610612747,Los Angeles,Lakers,LAL,lakers,Y,01
3648,2449,"Scola, Luis",Luis Scola,0,2007,2016,luis_scola,0,,,,,Y,00
3656,203118,"Scott, Mike",Mike Scott,1,2012,2020,mike_scott,1610612755,Philadelphia,76ers,PHI,sixers,Y,01
3667,200757,"Sefolosha, Thabo",Thabo Sefolosha,0,2006,2019,thabo_sefolosha,0,,,,,Y,00
3671,1627782,"Selden, Wayne",Wayne Selden,0,2016,2018,wayne_selden,0,,,,,Y,01
3679,202338,"Seraphin, Kevin",Kevin Seraphin,0,2010,2016,kevin_seraphin,0,,,,,Y,00
3681,201196,"Sessions, Ramon",Ramon Sessions,0,2007,2017,ramon_sessions,0,,,,,Y,01
3718,202697,"Shumpert, Iman",Iman Shumpert,0,2011,2020,iman_shumpert,0,,,,,Y,00
3720,1627783,"Siakam, Pascal",Pascal Siakam,1,2016,2020,pascal_siakam,1610612761,Toronto,Raptors,TOR,raptors,Y,01
3730,202918,"Silas, Xavier",Xavier Silas,0,2011,2017,xavier_silas,0,,,,,Y,01
3735,1627732,"Simmons, Ben",Ben Simmons,1,2016,2020,ben_simmons,1610612755,Philadelphia,76ers,PHI,sixers,Y,00
3740,203613,"Simmons, Jonathon",Jonathon Simmons,0,2015,2018,jonathon_simmons,0,,,,,Y,01
3754,202713,"Singler, Kyle",Kyle Singler,0,2012,2017,kyle_singler,0,,,,,Y,00
3779,203935,"Smart, Marcus",Marcus Smart,1,2014,2020,marcus_smart,1610612738,Boston,Celtics,BOS,celtics,Y,01
3805,202397,"Smith, Ish",Ish Smith,1,2010,2020,ish_smith,1610612764,Washington,Wizards,WAS,wizards,Y,01
3806,2747,"Smith, JR",JR Smith,0,2004,2019,jr_smith,0,,,,,Y,00
3809,201160,"Smith, Jason",Jason Smith,0,2007,2018,jason_smith,0,,,,,Y,00
3813,2746,"Smith, Josh",Josh Smith,0,2004,2017,josh_smith,0,,,,,Y,00
3841,203503,"Snell, Tony",Tony Snell,1,2013,2020,tony_snell,1610612737,Atlanta,Hawks,ATL,hawks,Y,00
3863,201578,"Speights, Marreese",Marreese Speights,0,2008,2017,marreese_speights,0,,,,,Y,00
3870,201168,"Splitter, Tiago",Tiago Splitter,0,2010,2016,tiago_splitter,0,,,,,Y,01
3886,203917,"Stauskas, Nik",Nik Stauskas,0,2014,2018,nik_stauskas,0,,,,,Y,11
3891,203474,"Stephens, DJ",DJ Stephens,0,2013,2018,dj_stephens,0,,,,,Y,01
3895,202362,"Stephenson, Lance",Lance Stephenson,0,2010,2018,lance_stephenson,0,,,,,Y,00
3914,204065,"Stockton, David",David Stockton,0,2014,2017,david_stockton,0,,,,,Y,11
3919,203950,"Stokes, Jarnell",Jarnell Stokes,0,2014,2016,jarnell_stokes,0,,,,,Y,01
3922,1627754,"Stone, Diamond",Diamond Stone,0,2016,2016,diamond_stone,0,,,,,Y,01
3923,202933,"Stone, Julyan",Julyan Stone,0,2011,2017,julyan_stone,0,,,,,Y,01
3941,201155,"Stuckey, Rodney",Rodney Stuckey,0,2007,2016,rodney_stuckey,0,,,,,Y,00
3945,203096,"Sullinger, Jared",Jared Sullinger,0,2012,2016,jared_sullinger,0,,,,,Y,01
3979,204002,"Tavares, Edy",Edy Tavares,0,2015,2016,edy_tavares,0,,,,,Y,01
3984,1627819,"Taylor, Isaiah",Isaiah Taylor,0,2016,2017,isaiah_taylor,0,,,,,Y,01
3997,201952,"Teague, Jeff",Jeff Teague,1,2009,2020,jeff_teague,1610612749,Milwaukee,Bucks,MIL,bucks,Y,00
3998,203104,"Teague, Marquis",Marquis Teague,0,2012,2017,marquis_teague,0,,,,,Y,01
3999,203141,"Teletovic, Mirza",Mirza Teletovic,0,2012,2017,mirza_teletovic,0,,,,,Y,00
4001,202066,"Temple, Garrett",Garrett Temple,1,2009,2020,garrett_temple,1610612741,Chicago,Bulls,CHI,bulls,Y,01
4009,1891,"Terry, Jason",Jason Terry,0,1999,2017,jason_terry,0,,,,,Y,00
4026,202738,"Thomas, Isaiah",Isaiah Thomas,0,2011,2020,isaiah_thomas,0,,,,,Y,00
4036,202498,"Thomas, Lance",Lance Thomas,0,2011,2019,lance_thomas,0,,,,,Y,01
4050,203138,"Thompson, Hollis",Hollis Thompson,0,2013,2016,hollis_thompson,0,,,,,Y,01
4054,202691,"Thompson, Klay",Klay Thompson,1,2011,2020,klay_thompson,1610612744,Golden State,Warriors,GSW,warriors,Y,00
4060,202684,"Thompson, Tristan",Tristan Thompson,1,2011,2020,tristan_thompson,1610612738,Boston,Celtics,BOS,celtics,Y,00
4064,201977,"Thornton, Marcus",Marcus Thornton,0,2009,2016,marcus_thornton,0,,,,,Y,01
4079,1627861,"Tobey, Mike",Mike Tobey,0,2016,2016,mike_tobey,0,,,,,Y,01
4083,201229,"Tolliver, Anthony",Anthony Tolliver,1,2008,2020,anthony_tolliver,1610612755,Philadelphia,76ers,PHI,sixers,Y,01
4099,1626253,"Toupane, Axel",Axel Toupane,1,2015,2020,axel_toupane,1610612749,Milwaukee,Bucks,MIL,bucks,Y,11
4104,1626157,"Towns, Karl-Anthony",Karl-Anthony Towns,1,2015,2020,karl-anthony_towns,1610612750,Minnesota,Timberwolves,MIN,timberwolves,Y,00
4125,200782,"Tucker, P.J.",P.J. Tucker,1,2006,2020,pj_tucker,1610612749,Milwaukee,Bucks,MIL,bucks,Y,01
4134,202323,"Turner, Evan",Evan Turner,0,2010,2019,evan_turner,0,,,,,Y,00
4140,1626167,"Turner, Myles",Myles Turner,1,2015,2020,myles_turner,1610612754,Indiana,Pacers,IND,pacers,Y,00
4150,202327,"Udoh, Ekpe",Ekpe Udoh,0,2010,2018,ekpe_udoh,0,,,,,Y,00
4152,2757,"Udrih, Beno",Beno Udrih,0,2004,2016,beno_udrih,0,,,,,Y,00
4154,1627755,"Ulis, Tyler",Tyler Ulis,0,2016,2018,tyler_ulis,0,,,,,Y,01
4158,1627784,"Uthoff, Jarrod",Jarrod Uthoff,0,2016,2019,jarrod_uthoff,0,,,,,Y,11
4161,202685,"Valanciunas, Jonas",Jonas Valanciunas,1,2012,2020,jonas_valanciunas,1610612763,Memphis,Grizzlies,MEM,grizzlies,Y,00
4163,1627756,"Valentine, Denzel",Denzel Valentine,1,2016,2020,denzel_valentine,1610612741,Chicago,Bulls,CHI,bulls,Y,01
4173,1627832,"VanVleet, Fred",Fred VanVleet,1,2016,2020,fred_vanvleet,1610612761,Toronto,Raptors,TOR,raptors,Y,01
4182,2760,"Varejao, Anderson",Anderson Varejao,0,2004,2020,anderson_varejao,0,,,,,Y,00
4184,202349,"Vasquez, Greivis",Greivis Vasquez,0,2010,2016,greivis_vasquez,0,,,,,Y,00
4189,1626173,"Vaughn, Rashad",Rashad Vaughn,0,2015,2017,rashad_vaughn,0,,,,,Y,01
4208,203943,"Vonleh, Noah",Noah Vonleh,0,2014,2020,noah_vonleh,0,,,,,Y,01
4215,202696,"Vucevic, Nikola",Nikola Vucevic,1,2011,2020,nikola_vucevic,1610612741,Chicago,Bulls,CHI,bulls,Y,00
4216,2756,"Vujacic, Sasha",Sasha Vujacic,0,2004,2016,sasha_vujacic,0,,,,,Y,00
4218,2548,"Wade, Dwyane",Dwyane Wade,0,2003,2018,dwyane_wade,0,,,,,Y,00
4226,203079,"Waiters, Dion",Dion Waiters,0,2012,2019,dion_waiters,0,,,,,Y,00
4239,202689,"Walker, Kemba",Kemba Walker,1,2011,2020,kemba_walker,1610612738,Boston,Celtics,BOS,celtics,Y,00
4245,202322,"Wall, John",John Wall,1,2010,2020,john_wall,1610612745,Houston,Rockets,HOU,rockets,Y,00
4276,203933,"Warren, T.J.",T.J. Warren,1,2014,2020,tj_warren,1610612754,Indiana,Pacers,IND,pacers,Y,01
4296,201228,"Watson, C.J.",C.J. Watson,0,2007,2016,c.j._watson,0,,,,,Y,01
4304,204037,"Wear, Travis",Travis Wear,0,2014,2017,travis_wear,0,,,,,Y,01
4314,1627362,"Weber, Briante",Briante Weber,0,2015,2017,briante_weber,0,,,,,Y,01
4338,2561,"West, David",David West,0,2003,2017,david_west,0,,,,,Y,00
4345,201566,"Westbrook, Russell",Russell Westbrook,1,2008,2020,russell_westbrook,1610612764,Washington,Wizards,WAS,wizards,Y,00
4363,1627855,"White, Okaro",Okaro White,0,2016,2018,okaro_white,0,,,,,Y,01
4373,1627785,"Whitehead, Isaiah",Isaiah Whitehead,0,2016,2018,isaiah_whitehead,0,,,,,Y,01
4376,202355,"Whiteside, Hassan",Hassan Whiteside,1,2010,2020,hassan_whiteside,1610612758,Sacramento,Kings,SAC,kings,Y,01
4385,203952,"Wiggins, Andrew",Andrew Wiggins,1,2014,2020,andrew_wiggins,1610612744,Golden State,Warriors,GSW,warriors,Y,00
4388,203912,"Wilcox, C.J.",C.J. Wilcox,0,2014,2017,cj_wilcox,0,,,,,Y,01
4400,2863,"Wilkins, Damien",Damien Wilkins,0,2004,2017,damien_wilkins,0,,,,,Y,01
4408,1626210,"Williams, Alan",Alan Williams,0,2015,2018,alan_williams,0,,,,,Y,01
4420,101114,"Williams, Deron",Deron Williams,0,2005,2016,deron_williams,0,,,,,Y,00
4421,202682,"Williams, Derrick",Derrick Williams,0,2011,2017,derrick_williams,0,,,,,Y,00
4446,101150,"Williams, Lou",Lou Williams,1,2005,2020,lou_williams,1610612737,Atlanta,Hawks,ATL,hawks,Y,01
4449,101107,"Williams, Marvin",Marvin Williams,0,2005,2019,marvin_williams,0,,,,,Y,00
4460,202130,"Williams, Reggie",Reggie Williams,0,2009,2016,reggie_williams,0,,,,,Y,01
4474,1627786,"Williams, Troy",Troy Williams,0,2016,2018,troy_williams,0,,,,,Y,01
4500,1627787,"Wiltjer, Kyle",Kyle Wiltjer,0,2016,2016,kyle_wiltjer,0,,,,,Y,01
4510,1626159,"Winslow, Justise",Justise Winslow,1,2015,2020,justise_winslow,1610612763,Memphis,Grizzlies,MEM,grizzlies,Y,00
4518,203481,"Withey, Jeff",Jeff Withey,0,2013,2017,jeff_withey,0,,,,,Y,00
4525,203489,"Wolters, Nate",Nate Wolters,0,2013,2017,nate_wolters,0,,,,,Y,01
4528,1626174,"Wood, Christian",Christian Wood,1,2015,2020,christian_wood,1610612745,Houston,Rockets,HOU,rockets,Y,01
4542,1897,"World Peace, Metta",Metta World Peace,0,1999,2016,metta_world peace,0,,,,,Y,00
4548,201148,"Wright, Brandan",Brandan Wright,0,2007,2017,brandan_wright,0,,,,,Y,00
4551,1626153,"Wright, Delon",Delon Wright,1,2015,2020,delon_wright,1610612758,Sacramento,Kings,SAC,kings,Y,01
4573,203923,"Young, James",James Young,0,2014,2017,james_young,0,,,,,Y,11
4574,1626202,"Young, Joe",Joe Young,0,2015,2017,joe_young,0,,,,,Y,01
4577,201156,"Young, Nick",Nick Young,0,2007,2018,nick_young,0,,,,,Y,00
4580,201152,"Young, Thaddeus",Thaddeus Young,1,2007,2020,thaddeus_young,1610612741,Chicago,Bulls,CHI,bulls,Y,00
4586,203469,"Zeller, Cody",Cody Zeller,1,2013,2020,cody_zeller,1610612766,Charlotte,Hornets,CHA,hornets,Y,00
4591,203092,"Zeller, Tyler",Tyler Zeller,0,2012,2019,tyler_zeller,0,,,,,Y,00
4597,1627757,"Zimmerman, Stephen",Stephen Zimmerman,0,2016,2016,stephen_zimmerman,0,,,,,Y,01
4598,1627835,"Zipser, Paul",Paul Zipser,0,2016,2017,paul_zipser,0,,,,,Y,01
4602,1627826,"Zubac, Ivica",Ivica Zubac,1,2016,2020,ivica_zubac,1610612746,LA,Clippers,LAC,clippers,Y,01
