,GAME_ID,EVENTNUM,EVENTMSGTYPE,EVENTMSGACTIONTYPE,PERIOD,WCTIMESTRING,PCTIMESTRING,HOMEDESCRIPTION,NEUTRALDESCRIPTION,VISITORDESCRIPTION,SCORE,SCOREMARGIN,PERSON1TYPE,PLAYER1_ID,PLAYER1_NAME,PLAYER1_TEAM_ID,PLAYER1_TEAM_CITY,PLAYER1_TEAM_NICKNAME,PLAYER1_TEAM_ABBREVIATION,PERSON2TYPE,PLAYER2_ID,PLAYER2_NAME,PLAYER2_TEAM_ID,PLAYER2_TEAM_CITY,PLAYER2_TEAM_NICKNAME,PLAYER2_TEAM_ABBREVIATION,PERSON3TYPE,PLAYER3_ID,PLAYER3_NAME,PLAYER3_TEAM_ID,PLAYER3_TEAM_CITY,PLAYER3_TEAM_NICKNAME,PLAYER3_TEAM_ABBREVIATION,VIDEO_AVAILABLE_FLAG
0,0022000854,2,12,0,1,9:46 PM,12:00,,Start of 1st Period (9:46 PM EST),,,,0,0,,,,,,0,0,,,,,,0,0,,,,,,0
1,0022000854,4,10,0,1,9:46 PM,12:00,Jump Ball Porzingis vs. Noel: Tip to Kleber,,,,,4,204001,Kristaps Porzingis,1610612742.0,Dallas,Mavericks,DAL,5,203457,Nerlens Noel,1610612752.0,New York,Knicks,NYK,4,1628467,Maxi Kleber,1610612742.0,Dallas,Mavericks,DAL,1
2,0022000854,7,2,6,1,9:46 PM,11:35,MISS Finney-Smith 2' Driving Layup,,Noel BLOCK (1 BLK),,,4,1627827,Dorian Finney-Smith,1610612742.0,Dallas,Mavericks,DAL,0,0,,,,,,5,203457,Nerlens Noel,1610612752.0,New York,Knicks,NYK,1
3,0022000854,9,4,0,1,9:46 PM,11:33,,,Payton REBOUND (Off:0 Def:1),,,5,203901,Elfrid Payton,1610612752.0,New York,Knicks,NYK,0,0,,,,,,0,0,,,,,,1
4,0022000854,10,1,41,1,9:46 PM,11:31,,,Randle 2' Running Layup (2 PTS) (Payton 1 AST),2 - 0,-2,5,203944,Julius Randle,1610612752.0,New York,Knicks,NYK,5,203901,Elfrid Payton,1610612752.0,New York,Knicks,NYK,0,0,,,,,,1
5,0022000854,12,5,2,1,9:47 PM,11:13,Kleber Lost Ball Turnover (P1.T1),,Randle STEAL (1 STL),,,4,1628467,Maxi Kleber,1610612742.0,Dallas,Mavericks,DAL,5,203944,Julius Randle,1610612752.0,New York,Knicks,NYK,0,0,,,,,,1
6,0022000854,14,5,1,1,9:47 PM,11:07,Richardson STEAL (1 STL),,Payton Bad Pass Turnover (P1.T1),,,5,203901,Elfrid Payton,1610612752.0,New York,Knicks,NYK,4,1626196,Josh Richardson,1610612742.0,Dallas,Mavericks,DAL,0,0,,,,,,1
7,0022000854,16,2,78,1,9:47 PM,11:00,MISS Richardson 6' Floating Jump Shot,,,,,4,1626196,Josh Richardson,1610612742.0,Dallas,Mavericks,DAL,0,0,,,,,,0,0,,,,,,1
8,0022000854,17,4,0,1,9:47 PM,11:00,MAVERICKS Rebound,,,,,2,1610612742,,,,,,0,0,,,,,,0,0,,,,,,0
9,0022000854,19,1,98,1,9:47 PM,10:56,Doncic 3' Cutting Layup Shot (2 PTS) (Richardson 1 AST),,,2 - 2,TIE,4,1629029,Luka Doncic,1610612742.0,Dallas,Mavericks,DAL,4,1626196,Josh Richardson,1610612742.0,Dallas,Mavericks,DAL,0,0,,,,,,1
10,0022000854,21,1,1,1,9:48 PM,10:34,,,Randle 26' 3PT Jump Shot (5 PTS) (Barrett 1 AST),5 - 2,-3,5,203944,Julius Randle,1610612752.0,New York,Knicks,NYK,5,1629628,RJ Barrett,1610612752.0,New York,Knicks,NYK,0,0,,,,,,1
11,0022000854,23,1,1,1,9:48 PM,10:20,Finney-Smith 25' 3PT Jump Shot (3 PTS) (Porzingis 1 AST),,,5 - 5,TIE,4,1627827,Dorian Finney-Smith,1610612742.0,Dallas,Mavericks,DAL,4,204001,Kristaps Porzingis,1610612742.0,Dallas,Mavericks,DAL,0,0,,,,,,1
12,0022000854,25,1,79,1,9:48 PM,10:01,,,Randle 19' Pullup Jump Shot (7 PTS) (Payton 2 AST),7 - 5,-2,5,203944,Julius Randle,1610612752.0,New York,Knicks,NYK,5,203901,Elfrid Payton,1610612752.0,New York,Knicks,NYK,0,0,,,,,,1
13,0022000854,27,1,79,1,9:48 PM,9:46,Richardson 15' Pullup Jump Shot (2 PTS),,,7 - 7,TIE,4,1626196,Josh Richardson,1610612742.0,Dallas,Mavericks,DAL,0,0,,,,,,0,0,,,,,,1
14,0022000854,29,2,1,1,9:49 PM,9:40,,,MISS Bullock 25' 3PT Jump Shot,,,5,203493,Reggie Bullock,1610612752.0,New York,Knicks,NYK,0,0,,,,,,0,0,,,,,,1
15,0022000854,30,4,0,1,9:49 PM,9:37,Porzingis REBOUND (Off:0 Def:1),,,,,4,204001,Kristaps Porzingis,1610612742.0,Dallas,Mavericks,DAL,0,0,,,,,,0,0,,,,,,1
16,0022000854,31,1,1,1,9:49 PM,9:26,Kleber 3PT Jump Shot (3 PTS) (Doncic 1 AST),,,7 - 10,3,4,1628467,Maxi Kleber,1610612742.0,Dallas,Mavericks,DAL,4,1629029,Luka Doncic,1610612742.0,Dallas,Mavericks,DAL,0,0,,,,,,1
17,0022000854,33,2,63,1,9:49 PM,9:11,,,MISS Payton 11' Fadeaway Jumper,,,5,203901,Elfrid Payton,1610612752.0,New York,Knicks,NYK,0,0,,,,,,0,0,,,,,,1
18,0022000854,34,4,0,1,9:49 PM,9:08,Porzingis REBOUND (Off:0 Def:2),,,,,4,204001,Kristaps Porzingis,1610612742.0,Dallas,Mavericks,DAL,0,0,,,,,,0,0,,,,,,1
19,0022000854,35,1,1,1,9:49 PM,8:47,Richardson 25' 3PT Jump Shot (5 PTS) (Doncic 2 AST),,,7 - 13,6,4,1626196,Josh Richardson,1610612742.0,Dallas,Mavericks,DAL,4,1629029,Luka Doncic,1610612742.0,Dallas,Mavericks,DAL,0,0,,,,,,1
20,0022000854,37,1,1,1,9:50 PM,8:31,,,Randle 25' 3PT Jump Shot (10 PTS),10 - 13,3,5,203944,Julius Randle,1610612752.0,New York,Knicks,NYK,0,0,,,,,,0,0,,,,,,1
21,0022000854,39,2,1,1,9:50 PM,8:21,MISS Porzingis 17' Jump Shot,,,,,4,204001,Kristaps Porzingis,1610612742.0,Dallas,Mavericks,DAL,0,0,,,,,,0,0,,,,,,1
22,0022000854,40,4,0,1,9:50 PM,8:17,,,Bullock REBOUND (Off:0 Def:1),,,5,203493,Reggie Bullock,1610612752.0,New York,Knicks,NYK,0,0,,,,,,0,0,,,,,,1
23,0022000854,42,1,5,1,9:51 PM,8:04,,,Payton 3' Layup (2 PTS),12 - 13,1,5,203901,Elfrid Payton,1610612752.0,New York,Knicks,NYK,0,0,,,,,,0,0,,,,,,1
24,0022000854,43,1,1,1,9:51 PM,7:53,Porzingis 26' 3PT Jump Shot (3 PTS) (Doncic 3 AST),,,12 - 16,4,4,204001,Kristaps Porzingis,1610612742.0,Dallas,Mavericks,DAL,4,1629029,Luka Doncic,1610612742.0,Dallas,Mavericks,DAL,0,0,,,,,,1
25,0022000854,45,1,98,1,9:51 PM,7:41,,,Bullock 2' Cutting Layup Shot (2 PTS) (Payton 3 AST),14 - 16,2,5,203493,Reggie Bullock,1610612752.0,New York,Knicks,NYK,5,203901,Elfrid Payton,1610612752.0,New York,Knicks,NYK,0,0,,,,,,1
26,0022000854,47,2,80,1,9:51 PM,7:21,MISS Doncic 25' 3PT Step Back Jump Shot,,,,,4,1629029,Luka Doncic,1610612742.0,Dallas,Mavericks,DAL,0,0,,,,,,0,0,,,,,,1
27,0022000854,48,4,0,1,9:51 PM,7:19,,,Payton REBOUND (Off:0 Def:2),,,5,203901,Elfrid Payton,1610612752.0,New York,Knicks,NYK,0,0,,,,,,0,0,,,,,,1
28,0022000854,49,1,1,1,9:51 PM,7:13,,,Randle 25' 3PT Jump Shot (13 PTS) (Payton 4 AST),17 - 16,-1,5,203944,Julius Randle,1610612752.0,New York,Knicks,NYK,5,203901,Elfrid Payton,1610612752.0,New York,Knicks,NYK,0,0,,,,,,1
29,0022000854,51,5,45,1,9:52 PM,7:00,Porzingis Out of Bounds - Bad Pass Turnover Turnover (P1.T2),,,,,4,204001,Kristaps Porzingis,1610612742.0,Dallas,Mavericks,DAL,0,0,,,,,,1,0,,,,,,1
30,0022000854,52,2,1,1,9:52 PM,6:46,,,MISS Randle 25' 3PT Jump Shot,,,5,203944,Julius Randle,1610612752.0,New York,Knicks,NYK,0,0,,,,,,0,0,,,,,,1
31,0022000854,53,4,0,1,9:52 PM,6:43,,,Noel REBOUND (Off:1 Def:0),,,5,203457,Nerlens Noel,1610612752.0,New York,Knicks,NYK,0,0,,,,,,0,0,,,,,,1
32,0022000854,54,2,80,1,9:52 PM,6:36,,,MISS Randle 3PT Step Back Jump Shot,,,5,203944,Julius Randle,1610612752.0,New York,Knicks,NYK,0,0,,,,,,0,0,,,,,,1
33,0022000854,55,4,0,1,9:52 PM,6:34,Doncic REBOUND (Off:0 Def:1),,,,,4,1629029,Luka Doncic,1610612742.0,Dallas,Mavericks,DAL,0,0,,,,,,0,0,,,,,,1
34,0022000854,56,1,1,1,9:52 PM,6:26,Kleber 25' 3PT Jump Shot (6 PTS) (Doncic 4 AST),,,17 - 19,2,4,1628467,Maxi Kleber,1610612742.0,Dallas,Mavericks,DAL,4,1629029,Luka Doncic,1610612742.0,Dallas,Mavericks,DAL,0,0,,,,,,1
35,0022000854,58,1,78,1,9:53 PM,6:01,,,Noel 10' Floating Jump Shot (2 PTS) (Barrett 2 AST),19 - 19,TIE,5,203457,Nerlens Noel,1610612752.0,New York,Knicks,NYK,5,1629628,RJ Barrett,1610612752.0,New York,Knicks,NYK,0,0,,,,,,1
36,0022000854,60,2,1,1,9:53 PM,5:48,MISS Porzingis 26' 3PT Jump Shot,,,,,4,204001,Kristaps Porzingis,1610612742.0,Dallas,Mavericks,DAL,0,0,,,,,,0,0,,,,,,1
37,0022000854,61,4,0,1,9:53 PM,5:45,,,Barrett REBOUND (Off:0 Def:1),,,5,1629628,RJ Barrett,1610612752.0,New York,Knicks,NYK,0,0,,,,,,0,0,,,,,,1
38,0022000854,62,1,6,1,9:53 PM,5:29,,,Barrett 3' Driving Layup (2 PTS) (Randle 1 AST),21 - 19,-2,5,1629628,RJ Barrett,1610612752.0,New York,Knicks,NYK,5,203944,Julius Randle,1610612752.0,New York,Knicks,NYK,0,0,,,,,,1
39,0022000854,64,9,1,1,9:53 PM,5:29,MAVERICKS Timeout: Regular (Full 1 Short 0),,,,,2,1610612742,,,,,,0,0,,,,,,0,0,,,,,,0
40,0022000854,65,8,0,1,9:54 PM,5:29,SUB: Hardaway Jr. FOR Finney-Smith,,,,,4,1627827,Dorian Finney-Smith,1610612742.0,Dallas,Mavericks,DAL,4,203501,Tim Hardaway Jr.,1610612742.0,Dallas,Mavericks,DAL,0,0,,,,,,0
41,0022000854,66,8,0,1,9:54 PM,5:29,SUB: Brunson FOR Doncic,,,,,4,1629029,Luka Doncic,1610612742.0,Dallas,Mavericks,DAL,4,1628973,Jalen Brunson,1610612742.0,Dallas,Mavericks,DAL,0,0,,,,,,0
42,0022000854,69,2,1,1,9:57 PM,5:06,MISS Kleber 3PT Jump Shot,,,,,4,1628467,Maxi Kleber,1610612742.0,Dallas,Mavericks,DAL,0,0,,,,,,0,0,,,,,,1
43,0022000854,70,4,0,1,9:57 PM,5:03,,,Payton REBOUND (Off:0 Def:3),,,5,203901,Elfrid Payton,1610612752.0,New York,Knicks,NYK,0,0,,,,,,0,0,,,,,,1
44,0022000854,71,1,80,1,9:58 PM,4:48,,,Randle 21' Step Back Jump Shot (15 PTS),23 - 19,-4,5,203944,Julius Randle,1610612752.0,New York,Knicks,NYK,0,0,,,,,,0,0,,,,,,1
45,0022000854,72,6,1,1,9:58 PM,4:40,,,Payton P.FOUL (P1.T1) (D.Collins),,,5,203901,Elfrid Payton,1610612752.0,New York,Knicks,NYK,4,1628973,Jalen Brunson,1610612742.0,Dallas,Mavericks,DAL,1,0,,,,,,1
46,0022000854,74,8,0,1,9:58 PM,4:40,SUB: Finney-Smith FOR Kleber,,,,,4,1628467,Maxi Kleber,1610612742.0,Dallas,Mavericks,DAL,4,1627827,Dorian Finney-Smith,1610612742.0,Dallas,Mavericks,DAL,0,0,,,,,,0
47,0022000854,75,8,0,1,9:58 PM,4:40,,,SUB: Toppin FOR Noel,,,5,203457,Nerlens Noel,1610612752.0,New York,Knicks,NYK,5,1630167,Obi Toppin,1610612752.0,New York,Knicks,NYK,0,0,,,,,,0
48,0022000854,76,8,0,1,9:58 PM,4:40,,,SUB: Gibson FOR Randle,,,5,203944,Julius Randle,1610612752.0,New York,Knicks,NYK,5,201959,Taj Gibson,1610612752.0,New York,Knicks,NYK,0,0,,,,,,0
49,0022000854,80,2,1,1,9:58 PM,4:31,MISS Porzingis 10' Jump Shot,,Gibson BLOCK (1 BLK),,,4,204001,Kristaps Porzingis,1610612742.0,Dallas,Mavericks,DAL,0,0,,,,,,5,201959,Taj Gibson,1610612752.0,New York,Knicks,NYK,1
50,0022000854,82,4,0,1,9:58 PM,4:28,Porzingis REBOUND (Off:1 Def:2),,,,,4,204001,Kristaps Porzingis,1610612742.0,Dallas,Mavericks,DAL,0,0,,,,,,0,0,,,,,,1
51,0022000854,83,1,79,1,9:59 PM,4:25,Richardson 21' Pullup Jump Shot (7 PTS),,,23 - 21,-2,4,1626196,Josh Richardson,1610612742.0,Dallas,Mavericks,DAL,0,0,,,,,,0,0,,,,,,1
52,0022000854,84,2,101,1,9:59 PM,4:06,,,MISS Bullock 6' Driving Floating Jump Shot,,,5,203493,Reggie Bullock,1610612752.0,New York,Knicks,NYK,0,0,,,,,,0,0,,,,,,1
53,0022000854,85,4,0,1,9:59 PM,4:06,MAVERICKS Rebound,,,,,2,1610612742,,,,,,0,0,,,,,,0,0,,,,,,0
54,0022000854,86,6,3,1,9:59 PM,4:06,,,Gibson L.B.FOUL (P1.T2) (D.Collins),,,5,201959,Taj Gibson,1610612752.0,New York,Knicks,NYK,4,204001,Kristaps Porzingis,1610612742.0,Dallas,Mavericks,DAL,1,0,,,,,,1
55,0022000854,88,8,0,1,9:59 PM,4:06,,,SUB: Rose FOR Payton,,,5,203901,Elfrid Payton,1610612752.0,New York,Knicks,NYK,5,201565,Derrick Rose,1610612752.0,New York,Knicks,NYK,0,0,,,,,,0
56,0022000854,90,2,1,1,10:00 PM,3:43,MISS Richardson 29' 3PT Jump Shot,,,,,4,1626196,Josh Richardson,1610612742.0,Dallas,Mavericks,DAL,0,0,,,,,,0,0,,,,,,1
57,0022000854,91,4,0,1,10:00 PM,3:41,Brunson REBOUND (Off:1 Def:0),,,,,4,1628973,Jalen Brunson,1610612742.0,Dallas,Mavericks,DAL,0,0,,,,,,0,0,,,,,,1
58,0022000854,92,2,1,1,10:00 PM,3:34,MISS Porzingis 14' Jump Shot,,,,,4,204001,Kristaps Porzingis,1610612742.0,Dallas,Mavericks,DAL,0,0,,,,,,0,0,,,,,,1
59,0022000854,93,4,0,1,10:00 PM,3:32,,,Toppin REBOUND (Off:0 Def:1),,,5,1630167,Obi Toppin,1610612752.0,New York,Knicks,NYK,0,0,,,,,,0,0,,,,,,1
60,0022000854,94,2,1,1,10:00 PM,3:21,,,MISS Gibson 19' Jump Shot,,,5,201959,Taj Gibson,1610612752.0,New York,Knicks,NYK,0,0,,,,,,0,0,,,,,,1
61,0022000854,95,4,0,1,10:00 PM,3:18,Hardaway Jr. REBOUND (Off:0 Def:1),,,,,4,203501,Tim Hardaway Jr.,1610612742.0,Dallas,Mavericks,DAL,0,0,,,,,,0,0,,,,,,1
62,0022000854,96,2,1,1,10:00 PM,3:09,MISS Brunson 24' 3PT Jump Shot,,,,,4,1628973,Jalen Brunson,1610612742.0,Dallas,Mavericks,DAL,0,0,,,,,,0,0,,,,,,1
63,0022000854,97,4,0,1,10:00 PM,3:06,,,Barrett REBOUND (Off:0 Def:2),,,5,1629628,RJ Barrett,1610612752.0,New York,Knicks,NYK,0,0,,,,,,0,0,,,,,,1
64,0022000854,98,1,79,1,10:00 PM,2:51,,,Rose 20' Pullup Jump Shot (2 PTS),25 - 21,-4,5,201565,Derrick Rose,1610612752.0,New York,Knicks,NYK,0,0,,,,,,0,0,,,,,,1
65,0022000854,99,2,79,1,10:01 PM,2:31,MISS Porzingis 14' Pullup Jump Shot,,,,,4,204001,Kristaps Porzingis,1610612742.0,Dallas,Mavericks,DAL,0,0,,,,,,0,0,,,,,,1
66,0022000854,100,4,0,1,10:01 PM,2:29,Richardson REBOUND (Off:1 Def:0),,,,,4,1626196,Josh Richardson,1610612742.0,Dallas,Mavericks,DAL,0,0,,,,,,0,0,,,,,,1
67,0022000854,101,1,86,1,10:01 PM,2:27,Richardson 10' Turnaround Fadeaway (9 PTS),,,25 - 23,-2,4,1626196,Josh Richardson,1610612742.0,Dallas,Mavericks,DAL,0,0,,,,,,0,0,,,,,,1
68,0022000854,102,1,102,1,10:01 PM,2:11,,,Rose 4' Driving Floating Bank Jump Shot (4 PTS),27 - 23,-4,5,201565,Derrick Rose,1610612752.0,New York,Knicks,NYK,0,0,,,,,,0,0,,,,,,1
69,0022000854,103,5,1,1,10:01 PM,1:52,Porzingis Bad Pass Turnover (P2.T3),,Bullock STEAL (1 STL),,,4,204001,Kristaps Porzingis,1610612742.0,Dallas,Mavericks,DAL,5,203493,Reggie Bullock,1610612752.0,New York,Knicks,NYK,0,0,,,,,,1
70,0022000854,105,1,1,1,10:02 PM,1:43,,,Rose 26' 3PT Jump Shot (7 PTS) (Bullock 1 AST),30 - 23,-7,5,201565,Derrick Rose,1610612752.0,New York,Knicks,NYK,5,203493,Reggie Bullock,1610612752.0,New York,Knicks,NYK,0,0,,,,,,1
71,0022000854,107,2,101,1,10:02 PM,1:27,MISS Brunson 10' Driving Floating Jump Shot,,,,,4,1628973,Jalen Brunson,1610612742.0,Dallas,Mavericks,DAL,0,0,,,,,,0,0,,,,,,1
72,0022000854,108,4,0,1,10:02 PM,1:24,,,Toppin REBOUND (Off:0 Def:2),,,5,1630167,Obi Toppin,1610612752.0,New York,Knicks,NYK,0,0,,,,,,0,0,,,,,,1
73,0022000854,109,6,28,1,10:02 PM,1:22,Finney-Smith Personal Take Foul (P1.T1) (J.Goble),,,,,4,1627827,Dorian Finney-Smith,1610612742.0,Dallas,Mavericks,DAL,5,1629628,RJ Barrett,1610612752.0,New York,Knicks,NYK,1,0,,,,,,1
74,0022000854,111,9,1,1,10:02 PM,1:22,,,Knicks Timeout: Regular (Reg.1 Short 0),,,3,1610612752,,,,,,0,0,,,,,,0,0,,,,,,0
75,0022000854,112,8,0,1,10:05 PM,1:22,SUB: Doncic FOR Richardson,,,,,4,1626196,Josh Richardson,1610612742.0,Dallas,Mavericks,DAL,4,1629029,Luka Doncic,1610612742.0,Dallas,Mavericks,DAL,0,0,,,,,,0
76,0022000854,113,8,0,1,10:05 PM,1:22,SUB: Powell FOR Porzingis,,,,,4,204001,Kristaps Porzingis,1610612742.0,Dallas,Mavericks,DAL,4,203939,Dwight Powell,1610612742.0,Dallas,Mavericks,DAL,0,0,,,,,,0
77,0022000854,114,8,0,1,10:05 PM,1:22,,,SUB: Randle FOR Toppin,,,5,1630167,Obi Toppin,1610612752.0,New York,Knicks,NYK,5,203944,Julius Randle,1610612752.0,New York,Knicks,NYK,0,0,,,,,,0
78,0022000854,118,5,1,1,10:06 PM,1:03,Finney-Smith STEAL (1 STL),,Randle Bad Pass Turnover (P1.T2),,,5,203944,Julius Randle,1610612752.0,New York,Knicks,NYK,4,1627827,Dorian Finney-Smith,1610612742.0,Dallas,Mavericks,DAL,0,0,,,,,,1
79,0022000854,120,1,76,1,10:06 PM,1:00,Hardaway Jr. 1' Running Finger Roll Layup (2 PTS) (Brunson 1 AST),,,30 - 25,-5,4,203501,Tim Hardaway Jr.,1610612742.0,Dallas,Mavericks,DAL,4,1628973,Jalen Brunson,1610612742.0,Dallas,Mavericks,DAL,0,0,,,,,,1
80,0022000854,122,6,2,1,10:06 PM,0:46,Doncic S.FOUL (P1.PN) (D.Collins),,,,,4,1629029,Luka Doncic,1610612742.0,Dallas,Mavericks,DAL,5,1629628,RJ Barrett,1610612752.0,New York,Knicks,NYK,1,0,,,,,,1
81,0022000854,124,3,11,1,10:07 PM,0:46,,,MISS Barrett Free Throw 1 of 2,,,5,1629628,RJ Barrett,1610612752.0,New York,Knicks,NYK,0,0,,,,,,0,0,,,,,,1
82,0022000854,125,4,1,1,10:07 PM,0:46,,,Knicks Rebound,,,3,1610612752,,,,,,0,0,,,,,,0,0,,,,,,0
83,0022000854,126,8,0,1,10:07 PM,0:46,,,SUB: Quickley FOR Bullock,,,5,203493,Reggie Bullock,1610612752.0,New York,Knicks,NYK,5,1630193,Immanuel Quickley,1610612752.0,New York,Knicks,NYK,0,0,,,,,,0
84,0022000854,128,3,12,1,10:07 PM,0:46,,,Barrett Free Throw 2 of 2 (3 PTS),31 - 25,-6,5,1629628,RJ Barrett,1610612752.0,New York,Knicks,NYK,0,0,,,,,,0,0,,,,,,1
85,0022000854,129,6,1,1,10:07 PM,0:35,,,Rose P.FOUL (P1.T3) (J.Tiven),,,5,201565,Derrick Rose,1610612752.0,New York,Knicks,NYK,4,1629029,Luka Doncic,1610612742.0,Dallas,Mavericks,DAL,1,0,,,,,,1
86,0022000854,131,2,80,1,10:08 PM,0:31,MISS Doncic 27' 3PT Step Back Jump Shot,,,,,4,1629029,Luka Doncic,1610612742.0,Dallas,Mavericks,DAL,0,0,,,,,,0,0,,,,,,1
87,0022000854,132,4,0,1,10:08 PM,0:28,,,Barrett REBOUND (Off:0 Def:3),,,5,1629628,RJ Barrett,1610612752.0,New York,Knicks,NYK,0,0,,,,,,0,0,,,,,,1
88,0022000854,133,1,1,1,10:08 PM,0:04,,,Quickley 26' 3PT Jump Shot (3 PTS) (Rose 1 AST),34 - 25,-9,5,1630193,Immanuel Quickley,1610612752.0,New York,Knicks,NYK,5,201565,Derrick Rose,1610612752.0,New York,Knicks,NYK,0,0,,,,,,1
89,0022000854,137,13,0,1,10:08 PM,0:00,,End of 1st Period (10:08 PM EST),,34 - 25,-9,0,0,,,,,,0,0,,,,,,0,0,,,,,,1
90,0022000854,142,12,0,2,10:12 PM,12:00,,Start of 2nd Period (10:12 PM EST),,34 - 25,-9,0,0,,,,,,0,0,,,,,,0,0,,,,,,0
91,0022000854,143,1,1,2,10:12 PM,11:41,,,Barrett 24' 3PT Jump Shot (6 PTS) (Randle 2 AST),37 - 25,-12,5,1629628,RJ Barrett,1610612752.0,New York,Knicks,NYK,5,203944,Julius Randle,1610612752.0,New York,Knicks,NYK,0,0,,,,,,1
92,0022000854,145,1,102,2,10:13 PM,11:23,Hardaway Jr. 10' Driving Floating Bank Jump Shot (4 PTS) (Doncic 5 AST),,,37 - 27,-10,4,203501,Tim Hardaway Jr.,1610612742.0,Dallas,Mavericks,DAL,4,1629029,Luka Doncic,1610612742.0,Dallas,Mavericks,DAL,0,0,,,,,,1
93,0022000854,147,2,1,2,10:13 PM,11:12,,,MISS Quickley 26' 3PT Jump Shot,,,5,1630193,Immanuel Quickley,1610612752.0,New York,Knicks,NYK,0,0,,,,,,0,0,,,,,,1
94,0022000854,148,4,0,2,10:13 PM,11:10,Doncic REBOUND (Off:0 Def:2),,,,,4,1629029,Luka Doncic,1610612742.0,Dallas,Mavericks,DAL,0,0,,,,,,0,0,,,,,,1
95,0022000854,149,1,58,2,10:13 PM,10:59,Hardaway Jr. 7' Turnaround Hook Shot (6 PTS),,,37 - 29,-8,4,203501,Tim Hardaway Jr.,1610612742.0,Dallas,Mavericks,DAL,0,0,,,,,,0,0,,,,,,1
96,0022000854,150,1,102,2,10:13 PM,10:45,,,Rose 4' Driving Floating Bank Jump Shot (9 PTS),39 - 29,-10,5,201565,Derrick Rose,1610612752.0,New York,Knicks,NYK,0,0,,,,,,0,0,,,,,,1
97,0022000854,151,5,4,2,10:14 PM,10:22,Powell Traveling Turnover (P1.T4),,,,,4,203939,Dwight Powell,1610612742.0,Dallas,Mavericks,DAL,0,0,,,,,,0,0,,,,,,1
98,0022000854,152,1,99,2,10:14 PM,10:04,,,Gibson 2' Cutting Finger Roll Layup Shot (2 PTS) (Rose 2 AST),41 - 29,-12,5,201959,Taj Gibson,1610612752.0,New York,Knicks,NYK,5,201565,Derrick Rose,1610612752.0,New York,Knicks,NYK,0,0,,,,,,1
99,0022000854,154,1,79,2,10:14 PM,9:52,Redick 18' Pullup Jump Shot (2 PTS) (Doncic 6 AST),,,41 - 31,-10,4,200755,JJ Redick,1610612742.0,Dallas,Mavericks,DAL,4,1629029,Luka Doncic,1610612742.0,Dallas,Mavericks,DAL,0,0,,,,,,1
100,0022000854,156,2,79,2,10:15 PM,9:40,,,MISS Rose 20' Pullup Jump Shot,,,5,201565,Derrick Rose,1610612752.0,New York,Knicks,NYK,0,0,,,,,,0,0,,,,,,1
101,0022000854,157,4,0,2,10:15 PM,9:38,Doncic REBOUND (Off:0 Def:3),,,,,4,1629029,Luka Doncic,1610612742.0,Dallas,Mavericks,DAL,0,0,,,,,,0,0,,,,,,1
102,0022000854,158,1,76,2,10:15 PM,9:34,Hardaway Jr. 2' Running Finger Roll Layup (8 PTS) (Doncic 7 AST),,,41 - 33,-8,4,203501,Tim Hardaway Jr.,1610612742.0,Dallas,Mavericks,DAL,4,1629029,Luka Doncic,1610612742.0,Dallas,Mavericks,DAL,0,0,,,,,,1
103,0022000854,160,9,1,2,10:15 PM,9:25,,,Knicks Timeout: Regular (Reg.2 Short 0),,,3,1610612752,,,,,,0,0,,,,,,0,0,,,,,,0
104,0022000854,161,8,0,2,10:16 PM,9:25,,,SUB: Bullock FOR Barrett,,,5,1629628,RJ Barrett,1610612752.0,New York,Knicks,NYK,5,203493,Reggie Bullock,1610612752.0,New York,Knicks,NYK,0,0,,,,,,0
105,0022000854,163,2,1,2,10:19 PM,9:08,,,MISS Bullock 26' 3PT Jump Shot,,,5,203493,Reggie Bullock,1610612752.0,New York,Knicks,NYK,0,0,,,,,,0,0,,,,,,1
106,0022000854,164,4,0,2,10:19 PM,9:06,Redick REBOUND (Off:0 Def:1),,,,,4,200755,JJ Redick,1610612742.0,Dallas,Mavericks,DAL,0,0,,,,,,0,0,,,,,,1
107,0022000854,165,1,1,2,10:19 PM,8:55,Hardaway Jr. 24' 3PT Jump Shot (11 PTS) (Doncic 8 AST),,,41 - 36,-5,4,203501,Tim Hardaway Jr.,1610612742.0,Dallas,Mavericks,DAL,4,1629029,Luka Doncic,1610612742.0,Dallas,Mavericks,DAL,0,0,,,,,,1
108,0022000854,167,5,1,2,10:19 PM,8:34,Redick STEAL (1 STL),,Randle Bad Pass Turnover (P2.T3),,,5,203944,Julius Randle,1610612752.0,New York,Knicks,NYK,4,200755,JJ Redick,1610612742.0,Dallas,Mavericks,DAL,0,0,,,,,,1
109,0022000854,169,6,2,2,10:19 PM,8:28,,,Bullock S.FOUL (P1.T1) (J.Tiven),,,5,203493,Reggie Bullock,1610612752.0,New York,Knicks,NYK,4,1629029,Luka Doncic,1610612742.0,Dallas,Mavericks,DAL,1,0,,,,,,1
110,0022000854,171,3,11,2,10:20 PM,8:28,MISS Doncic Free Throw 1 of 2,,,,,4,1629029,Luka Doncic,1610612742.0,Dallas,Mavericks,DAL,0,0,,,,,,0,0,,,,,,1
111,0022000854,172,4,1,2,10:20 PM,8:28,MAVERICKS Rebound,,,,,2,1610612742,,,,,,0,0,,,,,,0,0,,,,,,0
112,0022000854,173,3,12,2,10:20 PM,8:28,Doncic Free Throw 2 of 2 (3 PTS),,,41 - 37,-4,4,1629029,Luka Doncic,1610612742.0,Dallas,Mavericks,DAL,0,0,,,,,,0,0,,,,,,1
113,0022000854,174,10,0,2,10:21 PM,8:10,Jump Ball Hardaway Jr. vs. Gibson: Tip to Bullock,,,,,4,203501,Tim Hardaway Jr.,1610612742.0,Dallas,Mavericks,DAL,5,201959,Taj Gibson,1610612752.0,New York,Knicks,NYK,5,203493,Reggie Bullock,1610612752.0,New York,Knicks,NYK,1
114,0022000854,177,2,1,2,10:21 PM,8:08,,,MISS Quickley 19' Jump Shot,,,5,1630193,Immanuel Quickley,1610612752.0,New York,Knicks,NYK,0,0,,,,,,0,0,,,,,,1
115,0022000854,178,4,0,2,10:21 PM,8:05,Hardaway Jr. REBOUND (Off:0 Def:2),,,,,4,203501,Tim Hardaway Jr.,1610612742.0,Dallas,Mavericks,DAL,0,0,,,,,,0,0,,,,,,1
116,0022000854,179,5,45,2,10:21 PM,7:52,Doncic Out of Bounds - Bad Pass Turnover Turnover (P1.T5),,,,,4,1629029,Luka Doncic,1610612742.0,Dallas,Mavericks,DAL,0,0,,,,,,1,0,,,,,,1
117,0022000854,180,8,0,2,10:21 PM,7:52,,,SUB: Noel FOR Gibson,,,5,201959,Taj Gibson,1610612752.0,New York,Knicks,NYK,5,203457,Nerlens Noel,1610612752.0,New York,Knicks,NYK,0,0,,,,,,0
118,0022000854,182,2,80,2,10:22 PM,7:41,,,MISS Randle 19' Step Back Jump Shot,,,5,203944,Julius Randle,1610612752.0,New York,Knicks,NYK,0,0,,,,,,0,0,,,,,,1
119,0022000854,183,4,0,2,10:22 PM,7:38,Powell REBOUND (Off:0 Def:1),,,,,4,203939,Dwight Powell,1610612742.0,Dallas,Mavericks,DAL,0,0,,,,,,0,0,,,,,,1
120,0022000854,184,6,1,2,10:22 PM,7:31,,,Bullock P.FOUL (P2.T2) (D.Collins),,,5,203493,Reggie Bullock,1610612752.0,New York,Knicks,NYK,4,1629029,Luka Doncic,1610612742.0,Dallas,Mavericks,DAL,1,0,,,,,,1
121,0022000854,186,8,0,2,10:22 PM,7:31,SUB: Richardson FOR Powell,,,,,4,203939,Dwight Powell,1610612742.0,Dallas,Mavericks,DAL,4,1626196,Josh Richardson,1610612742.0,Dallas,Mavericks,DAL,0,0,,,,,,0
122,0022000854,187,8,0,2,10:22 PM,7:31,SUB: Brunson FOR Hardaway Jr.,,,,,4,203501,Tim Hardaway Jr.,1610612742.0,Dallas,Mavericks,DAL,4,1628973,Jalen Brunson,1610612742.0,Dallas,Mavericks,DAL,0,0,,,,,,0
123,0022000854,188,8,0,2,10:22 PM,7:31,SUB: Porzingis FOR Doncic,,,,,4,1629029,Luka Doncic,1610612742.0,Dallas,Mavericks,DAL,4,204001,Kristaps Porzingis,1610612742.0,Dallas,Mavericks,DAL,0,0,,,,,,0
124,0022000854,189,8,0,2,10:22 PM,7:31,,,SUB: Payton FOR Rose,,,5,201565,Derrick Rose,1610612752.0,New York,Knicks,NYK,5,203901,Elfrid Payton,1610612752.0,New York,Knicks,NYK,0,0,,,,,,0
125,0022000854,190,8,0,2,10:22 PM,7:31,,,SUB: Barrett FOR Quickley,,,5,1630193,Immanuel Quickley,1610612752.0,New York,Knicks,NYK,5,1629628,RJ Barrett,1610612752.0,New York,Knicks,NYK,0,0,,,,,,0
126,0022000854,196,18,2,2,10:23 PM,7:31,,Instant Replay2nd Period (10:23 PM EST),,41 - 37,-4,0,0,,,,,,0,0,,,,,,0,0,,,,,,0
127,0022000854,197,2,1,2,10:25 PM,7:16,MISS Porzingis 26' 3PT Jump Shot,,,,,4,204001,Kristaps Porzingis,1610612742.0,Dallas,Mavericks,DAL,0,0,,,,,,0,0,,,,,,1
128,0022000854,198,4,0,2,10:25 PM,7:13,,,Bullock REBOUND (Off:0 Def:2),,,5,203493,Reggie Bullock,1610612752.0,New York,Knicks,NYK,0,0,,,,,,0,0,,,,,,1
129,0022000854,199,2,5,2,10:25 PM,7:07,Kleber BLOCK (1 BLK),,MISS Payton 5' Layup,,,5,203901,Elfrid Payton,1610612752.0,New York,Knicks,NYK,0,0,,,,,,4,1628467,Maxi Kleber,1610612742.0,Dallas,Mavericks,DAL,1
130,0022000854,201,4,0,2,10:25 PM,7:05,Kleber REBOUND (Off:0 Def:1),,,,,4,1628467,Maxi Kleber,1610612742.0,Dallas,Mavericks,DAL,0,0,,,,,,0,0,,,,,,1
131,0022000854,202,2,41,2,10:25 PM,6:59,MISS Brunson 2' Running Layup,,,,,4,1628973,Jalen Brunson,1610612742.0,Dallas,Mavericks,DAL,0,0,,,,,,0,0,,,,,,1
132,0022000854,203,4,0,2,10:25 PM,6:59,,,Randle REBOUND (Off:0 Def:1),,,5,203944,Julius Randle,1610612752.0,New York,Knicks,NYK,0,0,,,,,,0,0,,,,,,1
133,0022000854,204,2,80,2,10:26 PM,6:35,,,MISS Barrett 15' Step Back Jump Shot,,,5,1629628,RJ Barrett,1610612752.0,New York,Knicks,NYK,0,0,,,,,,0,0,,,,,,1
134,0022000854,205,4,0,2,10:26 PM,6:34,,,Noel REBOUND (Off:2 Def:0),,,5,203457,Nerlens Noel,1610612752.0,New York,Knicks,NYK,0,0,,,,,,0,0,,,,,,1
135,0022000854,206,1,79,2,10:26 PM,6:22,,,Randle 16' Pullup Jump Shot (17 PTS),43 - 37,-6,5,203944,Julius Randle,1610612752.0,New York,Knicks,NYK,0,0,,,,,,0,0,,,,,,1
136,0022000854,207,2,1,2,10:26 PM,6:05,MISS Kleber 25' 3PT Jump Shot,,,,,4,1628467,Maxi Kleber,1610612742.0,Dallas,Mavericks,DAL,0,0,,,,,,0,0,,,,,,1
137,0022000854,208,4,0,2,10:26 PM,6:03,,,Randle REBOUND (Off:0 Def:2),,,5,203944,Julius Randle,1610612752.0,New York,Knicks,NYK,0,0,,,,,,0,0,,,,,,1
138,0022000854,209,2,1,2,10:26 PM,5:57,,,MISS Bullock 20' Jump Shot,,,5,203493,Reggie Bullock,1610612752.0,New York,Knicks,NYK,0,0,,,,,,0,0,,,,,,1
139,0022000854,210,4,0,2,10:26 PM,5:54,Porzingis REBOUND (Off:1 Def:3),,,,,4,204001,Kristaps Porzingis,1610612742.0,Dallas,Mavericks,DAL,0,0,,,,,,0,0,,,,,,1
140,0022000854,211,2,41,2,10:26 PM,5:47,MISS Brunson 4' Running Layup,,,,,4,1628973,Jalen Brunson,1610612742.0,Dallas,Mavericks,DAL,0,0,,,,,,0,0,,,,,,1
141,0022000854,212,4,0,2,10:27 PM,5:45,,,Randle REBOUND (Off:0 Def:3),,,5,203944,Julius Randle,1610612752.0,New York,Knicks,NYK,0,0,,,,,,0,0,,,,,,1
142,0022000854,213,6,28,2,10:27 PM,5:45,Kleber Personal Take Foul (P1.T1) (J.Goble),,,,,4,1628467,Maxi Kleber,1610612742.0,Dallas,Mavericks,DAL,5,203944,Julius Randle,1610612752.0,New York,Knicks,NYK,1,0,,,,,,1
143,0022000854,215,8,0,2,10:27 PM,5:45,SUB: Finney-Smith FOR Redick,,,,,4,200755,JJ Redick,1610612742.0,Dallas,Mavericks,DAL,4,1627827,Dorian Finney-Smith,1610612742.0,Dallas,Mavericks,DAL,0,0,,,,,,0
144,0022000854,216,8,0,2,10:27 PM,5:45,SUB: Doncic FOR Kleber,,,,,4,1628467,Maxi Kleber,1610612742.0,Dallas,Mavericks,DAL,4,1629029,Luka Doncic,1610612742.0,Dallas,Mavericks,DAL,0,0,,,,,,0
145,0022000854,219,1,6,2,10:27 PM,5:32,,,Payton 1' Driving Layup (4 PTS) (Randle 3 AST),45 - 37,-8,5,203901,Elfrid Payton,1610612752.0,New York,Knicks,NYK,5,203944,Julius Randle,1610612752.0,New York,Knicks,NYK,0,0,,,,,,1
146,0022000854,221,2,52,2,10:28 PM,5:09,MISS Porzingis 1' Alley Oop Dunk,,,,,4,204001,Kristaps Porzingis,1610612742.0,Dallas,Mavericks,DAL,0,0,,,,,,0,0,,,,,,1
147,0022000854,222,4,0,2,10:28 PM,5:07,,,Knicks Rebound,,,3,1610612752,,,,,,0,0,,,,,,0,0,,,,,,0
148,0022000854,224,2,1,2,10:28 PM,4:54,,,MISS Randle 25' 3PT Jump Shot,,,5,203944,Julius Randle,1610612752.0,New York,Knicks,NYK,0,0,,,,,,0,0,,,,,,1
149,0022000854,225,4,0,2,10:28 PM,4:52,Richardson REBOUND (Off:1 Def:1),,,,,4,1626196,Josh Richardson,1610612742.0,Dallas,Mavericks,DAL,0,0,,,,,,0,0,,,,,,1
150,0022000854,226,2,1,2,10:28 PM,4:41,MISS Finney-Smith 25' 3PT Jump Shot,,,,,4,1627827,Dorian Finney-Smith,1610612742.0,Dallas,Mavericks,DAL,0,0,,,,,,0,0,,,,,,1
151,0022000854,227,4,0,2,10:28 PM,4:40,MAVERICKS Rebound,,,,,2,1610612742,,,,,,0,0,,,,,,0,0,,,,,,0
152,0022000854,228,6,3,2,10:28 PM,4:40,,,Noel L.B.FOUL (P1.T3) (D.Collins),,,5,203457,Nerlens Noel,1610612752.0,New York,Knicks,NYK,4,204001,Kristaps Porzingis,1610612742.0,Dallas,Mavericks,DAL,1,0,,,,,,1
153,0022000854,230,8,0,2,10:29 PM,4:40,SUB: Hardaway Jr. FOR Brunson,,,,,4,1628973,Jalen Brunson,1610612742.0,Dallas,Mavericks,DAL,4,203501,Tim Hardaway Jr.,1610612742.0,Dallas,Mavericks,DAL,0,0,,,,,,0
154,0022000854,232,1,1,2,10:29 PM,4:34,Hardaway Jr. 24' 3PT Jump Shot (14 PTS) (Doncic 9 AST),,,45 - 40,-5,4,203501,Tim Hardaway Jr.,1610612742.0,Dallas,Mavericks,DAL,4,1629029,Luka Doncic,1610612742.0,Dallas,Mavericks,DAL,0,0,,,,,,1
155,0022000854,234,1,1,2,10:29 PM,4:19,,,Bullock 26' 3PT Jump Shot (5 PTS) (Payton 5 AST),48 - 40,-8,5,203493,Reggie Bullock,1610612752.0,New York,Knicks,NYK,5,203901,Elfrid Payton,1610612752.0,New York,Knicks,NYK,0,0,,,,,,1
156,0022000854,236,6,2,2,10:30 PM,4:11,,,Payton S.FOUL (P2.T4) (J.Tiven),,,5,203901,Elfrid Payton,1610612752.0,New York,Knicks,NYK,4,1629029,Luka Doncic,1610612742.0,Dallas,Mavericks,DAL,1,0,,,,,,1
157,0022000854,238,3,11,2,10:30 PM,4:11,Doncic Free Throw 1 of 2 (4 PTS),,,48 - 41,-7,4,1629029,Luka Doncic,1610612742.0,Dallas,Mavericks,DAL,0,0,,,,,,0,0,,,,,,1
158,0022000854,239,3,12,2,10:30 PM,4:11,Doncic Free Throw 2 of 2 (5 PTS),,,48 - 42,-6,4,1629029,Luka Doncic,1610612742.0,Dallas,Mavericks,DAL,0,0,,,,,,0,0,,,,,,1
159,0022000854,240,2,6,2,10:31 PM,4:01,Porzingis BLOCK (1 BLK),,MISS Payton 3' Driving Layup,,,5,203901,Elfrid Payton,1610612752.0,New York,Knicks,NYK,0,0,,,,,,4,204001,Kristaps Porzingis,1610612742.0,Dallas,Mavericks,DAL,1
160,0022000854,242,4,0,2,10:31 PM,3:58,Porzingis REBOUND (Off:1 Def:4),,,,,4,204001,Kristaps Porzingis,1610612742.0,Dallas,Mavericks,DAL,0,0,,,,,,0,0,,,,,,1
161,0022000854,243,2,1,2,10:31 PM,3:51,MISS Hardaway Jr. 25' 3PT Jump Shot,,,,,4,203501,Tim Hardaway Jr.,1610612742.0,Dallas,Mavericks,DAL,0,0,,,,,,0,0,,,,,,1
162,0022000854,244,4,0,2,10:31 PM,3:49,Richardson REBOUND (Off:2 Def:1),,,,,4,1626196,Josh Richardson,1610612742.0,Dallas,Mavericks,DAL,0,0,,,,,,0,0,,,,,,1
163,0022000854,245,1,99,2,10:31 PM,3:46,Porzingis 1' Cutting Finger Roll Layup Shot (5 PTS) (Richardson 2 AST),,,48 - 44,-4,4,204001,Kristaps Porzingis,1610612742.0,Dallas,Mavericks,DAL,4,1626196,Josh Richardson,1610612742.0,Dallas,Mavericks,DAL,0,0,,,,,,1
164,0022000854,247,2,6,2,10:31 PM,3:31,Richardson BLOCK (1 BLK),,MISS Barrett 2' Driving Layup,,,5,1629628,RJ Barrett,1610612752.0,New York,Knicks,NYK,0,0,,,,,,4,1626196,Josh Richardson,1610612742.0,Dallas,Mavericks,DAL,1
165,0022000854,248,4,0,2,10:31 PM,3:30,Porzingis REBOUND (Off:1 Def:5),,,,,4,204001,Kristaps Porzingis,1610612742.0,Dallas,Mavericks,DAL,0,0,,,,,,0,0,,,,,,1
166,0022000854,249,2,50,2,10:31 PM,3:26,MISS Hardaway Jr. 1' Running Dunk,,Randle BLOCK (1 BLK),,,4,203501,Tim Hardaway Jr.,1610612742.0,Dallas,Mavericks,DAL,0,0,,,,,,5,203944,Julius Randle,1610612752.0,New York,Knicks,NYK,1
167,0022000854,251,4,0,2,10:31 PM,3:26,,,Payton REBOUND (Off:0 Def:4),,,5,203901,Elfrid Payton,1610612752.0,New York,Knicks,NYK,0,0,,,,,,0,0,,,,,,1
168,0022000854,252,2,1,2,10:31 PM,3:18,,,MISS Bullock 25' 3PT Jump Shot,,,5,203493,Reggie Bullock,1610612752.0,New York,Knicks,NYK,0,0,,,,,,0,0,,,,,,1
169,0022000854,253,4,0,2,10:31 PM,3:17,Doncic REBOUND (Off:0 Def:4),,,,,4,1629029,Luka Doncic,1610612742.0,Dallas,Mavericks,DAL,0,0,,,,,,0,0,,,,,,1
170,0022000854,254,1,3,2,10:32 PM,3:02,Porzingis 4' Hook Shot (7 PTS) (Richardson 3 AST),,,48 - 46,-2,4,204001,Kristaps Porzingis,1610612742.0,Dallas,Mavericks,DAL,4,1626196,Josh Richardson,1610612742.0,Dallas,Mavericks,DAL,0,0,,,,,,1
171,0022000854,256,9,1,2,10:32 PM,2:58,,,Knicks Timeout: Regular (Reg.3 Short 0),,,3,1610612752,,,,,,0,0,,,,,,0,0,,,,,,0
172,0022000854,257,5,45,2,10:36 PM,2:45,,,Randle Out of Bounds - Bad Pass Turnover Turnover (P3.T4),,,5,203944,Julius Randle,1610612752.0,New York,Knicks,NYK,0,0,,,,,,1,0,,,,,,1
173,0022000854,258,2,1,2,10:36 PM,2:40,MISS Hardaway Jr. 24' 3PT Jump Shot,,,,,4,203501,Tim Hardaway Jr.,1610612742.0,Dallas,Mavericks,DAL,0,0,,,,,,0,0,,,,,,1
174,0022000854,259,4,0,2,10:36 PM,2:36,Porzingis REBOUND (Off:2 Def:5),,,,,4,204001,Kristaps Porzingis,1610612742.0,Dallas,Mavericks,DAL,0,0,,,,,,0,0,,,,,,1
175,0022000854,260,6,1,2,10:36 PM,2:32,,,Payton P.FOUL (P3.PN) (J.Goble),,,5,203901,Elfrid Payton,1610612752.0,New York,Knicks,NYK,4,1629029,Luka Doncic,1610612742.0,Dallas,Mavericks,DAL,1,0,,,,,,1
176,0022000854,262,3,11,2,10:37 PM,2:32,Doncic Free Throw 1 of 2 (6 PTS),,,48 - 47,-1,4,1629029,Luka Doncic,1610612742.0,Dallas,Mavericks,DAL,0,0,,,,,,0,0,,,,,,1
177,0022000854,265,3,12,2,10:37 PM,2:32,MISS Doncic Free Throw 2 of 2,,,,,4,1629029,Luka Doncic,1610612742.0,Dallas,Mavericks,DAL,0,0,,,,,,0,0,,,,,,1
178,0022000854,263,8,0,2,10:37 PM,2:32,,,SUB: Rose FOR Payton,,,5,203901,Elfrid Payton,1610612752.0,New York,Knicks,NYK,5,201565,Derrick Rose,1610612752.0,New York,Knicks,NYK,0,0,,,,,,0
179,0022000854,266,4,0,2,10:37 PM,2:30,,,Randle REBOUND (Off:0 Def:4),,,5,203944,Julius Randle,1610612752.0,New York,Knicks,NYK,0,0,,,,,,0,0,,,,,,1
180,0022000854,267,1,63,2,10:37 PM,2:14,,,Randle 17' Fadeaway Jumper (19 PTS) (Noel 1 AST),50 - 47,-3,5,203944,Julius Randle,1610612752.0,New York,Knicks,NYK,5,203457,Nerlens Noel,1610612752.0,New York,Knicks,NYK,0,0,,,,,,1
181,0022000854,269,2,1,2,10:37 PM,1:58,MISS Richardson 25' 3PT Jump Shot,,,,,4,1626196,Josh Richardson,1610612742.0,Dallas,Mavericks,DAL,0,0,,,,,,0,0,,,,,,1
182,0022000854,270,4,0,2,10:37 PM,1:55,,,Bullock REBOUND (Off:0 Def:3),,,5,203493,Reggie Bullock,1610612752.0,New York,Knicks,NYK,0,0,,,,,,0,0,,,,,,1
183,0022000854,271,1,80,2,10:38 PM,1:46,,,Randle 15' Step Back Jump Shot (21 PTS),52 - 47,-5,5,203944,Julius Randle,1610612752.0,New York,Knicks,NYK,0,0,,,,,,0,0,,,,,,1
184,0022000854,272,9,1,2,10:38 PM,1:46,MAVERICKS Timeout: Regular (Full 2 Short 0),,,,,2,1610612742,,,,,,0,0,,,,,,0,0,,,,,,0
185,0022000854,274,1,1,2,10:40 PM,1:29,Porzingis 27' 3PT Jump Shot (10 PTS) (Finney-Smith 1 AST),,,52 - 50,-2,4,204001,Kristaps Porzingis,1610612742.0,Dallas,Mavericks,DAL,4,1627827,Dorian Finney-Smith,1610612742.0,Dallas,Mavericks,DAL,0,0,,,,,,1
186,0022000854,276,2,1,2,10:40 PM,1:10,,,MISS Randle 25' 3PT Jump Shot,,,5,203944,Julius Randle,1610612752.0,New York,Knicks,NYK,0,0,,,,,,0,0,,,,,,1
187,0022000854,277,4,0,2,10:40 PM,1:08,Doncic REBOUND (Off:0 Def:5),,,,,4,1629029,Luka Doncic,1610612742.0,Dallas,Mavericks,DAL,0,0,,,,,,0,0,,,,,,1
188,0022000854,278,2,80,2,10:40 PM,0:58,MISS Doncic 25' 3PT Step Back Jump Shot,,,,,4,1629029,Luka Doncic,1610612742.0,Dallas,Mavericks,DAL,0,0,,,,,,0,0,,,,,,1
189,0022000854,279,4,0,2,10:40 PM,0:57,,,Rose REBOUND (Off:0 Def:1),,,5,201565,Derrick Rose,1610612752.0,New York,Knicks,NYK,0,0,,,,,,0,0,,,,,,1
190,0022000854,280,2,86,2,10:40 PM,0:47,,,MISS Randle 14' Turnaround Fadeaway Shot,,,5,203944,Julius Randle,1610612752.0,New York,Knicks,NYK,0,0,,,,,,0,0,,,,,,1
191,0022000854,281,4,0,2,10:40 PM,0:47,MAVERICKS Rebound,,,,,2,1610612742,,,,,,0,0,,,,,,0,0,,,,,,0
192,0022000854,283,6,3,2,10:40 PM,0:47,,,Noel L.B.FOUL (P2.PN) (D.Collins),,,5,203457,Nerlens Noel,1610612752.0,New York,Knicks,NYK,4,203501,Tim Hardaway Jr.,1610612742.0,Dallas,Mavericks,DAL,1,0,,,,,,1
193,0022000854,285,3,11,2,10:41 PM,0:47,Hardaway Jr. Free Throw 1 of 2 (15 PTS),,,52 - 51,-1,4,203501,Tim Hardaway Jr.,1610612742.0,Dallas,Mavericks,DAL,0,0,,,,,,0,0,,,,,,1
194,0022000854,286,3,12,2,10:41 PM,0:47,Hardaway Jr. Free Throw 2 of 2 (16 PTS),,,52 - 52,TIE,4,203501,Tim Hardaway Jr.,1610612742.0,Dallas,Mavericks,DAL,0,0,,,,,,0,0,,,,,,1
195,0022000854,287,2,1,2,10:41 PM,0:32,,,MISS Bullock 3PT Jump Shot,,,5,203493,Reggie Bullock,1610612752.0,New York,Knicks,NYK,0,0,,,,,,0,0,,,,,,1
196,0022000854,288,4,0,2,10:42 PM,0:30,Finney-Smith REBOUND (Off:0 Def:1),,,,,4,1627827,Dorian Finney-Smith,1610612742.0,Dallas,Mavericks,DAL,0,0,,,,,,0,0,,,,,,1
197,0022000854,289,2,7,2,10:42 PM,0:23,MISS Finney-Smith 3' Dunk,,Noel BLOCK (2 BLK),,,4,1627827,Dorian Finney-Smith,1610612742.0,Dallas,Mavericks,DAL,0,0,,,,,,5,203457,Nerlens Noel,1610612752.0,New York,Knicks,NYK,1
198,0022000854,291,4,0,2,10:42 PM,0:20,Finney-Smith REBOUND (Off:1 Def:1),,,,,4,1627827,Dorian Finney-Smith,1610612742.0,Dallas,Mavericks,DAL,0,0,,,,,,0,0,,,,,,1
199,0022000854,292,2,44,2,10:42 PM,0:18,MISS Finney-Smith 2' Reverse Layup,,,,,4,1627827,Dorian Finney-Smith,1610612742.0,Dallas,Mavericks,DAL,0,0,,,,,,0,0,,,,,,1
200,0022000854,293,4,0,2,10:42 PM,0:17,Porzingis REBOUND (Off:3 Def:5),,,,,4,204001,Kristaps Porzingis,1610612742.0,Dallas,Mavericks,DAL,0,0,,,,,,0,0,,,,,,1
201,0022000854,294,2,97,2,10:42 PM,0:17,MISS Porzingis Tip Layup Shot,,,,,4,204001,Kristaps Porzingis,1610612742.0,Dallas,Mavericks,DAL,0,0,,,,,,0,0,,,,,,1
202,0022000854,295,4,0,2,10:42 PM,0:17,,,Randle REBOUND (Off:0 Def:5),,,5,203944,Julius Randle,1610612752.0,New York,Knicks,NYK,0,0,,,,,,0,0,,,,,,1
203,0022000854,296,6,11,2,10:42 PM,0:17,Porzingis T.FOUL (P0.T1) (J.Tiven),,,,,4,204001,Kristaps Porzingis,1610612742.0,Dallas,Mavericks,DAL,0,0,,,,,,1,0,,,,,,1
204,0022000854,297,3,16,2,10:42 PM,0:17,,,Bullock Free Throw Technical (6 PTS),53 - 52,-1,5,203493,Reggie Bullock,1610612752.0,New York,Knicks,NYK,0,0,,,,,,0,0,,,,,,1
205,0022000854,298,1,1,2,10:43 PM,0:01,,,Barrett 25' 3PT Jump Shot (9 PTS) (Randle 4 AST),56 - 52,-4,5,1629628,RJ Barrett,1610612752.0,New York,Knicks,NYK,5,203944,Julius Randle,1610612752.0,New York,Knicks,NYK,0,0,,,,,,1
206,0022000854,300,2,1,2,10:43 PM,0:00,MISS Hardaway Jr. 57' 3PT Jump Shot,,,,,4,203501,Tim Hardaway Jr.,1610612742.0,Dallas,Mavericks,DAL,0,0,,,,,,0,0,,,,,,1
207,0022000854,301,4,0,2,10:43 PM,0:00,MAVERICKS Rebound,,,,,2,1610612742,,,,,,0,0,,,,,,0,0,,,,,,0
208,0022000854,302,13,0,2,10:43 PM,0:00,,End of 2nd Period (10:43 PM EST),,56 - 52,-4,0,0,,,,,,0,0,,,,,,0,0,,,,,,1
209,0022000854,307,12,0,3,10:59 PM,12:00,,Start of 3rd Period (10:59 PM EST),,56 - 52,-4,0,0,,,,,,0,0,,,,,,0,0,,,,,,0
210,0022000854,308,5,40,3,10:59 PM,11:46,,,Barrett Out of Bounds Lost Ball Turnover (P1.T5),,,5,1629628,RJ Barrett,1610612752.0,New York,Knicks,NYK,0,0,,,,,,1,0,,,,,,1
211,0022000854,309,6,1,3,10:59 PM,11:38,,,Barrett P.FOUL (P1.T1) (D.Collins),,,5,1629628,RJ Barrett,1610612752.0,New York,Knicks,NYK,4,204001,Kristaps Porzingis,1610612742.0,Dallas,Mavericks,DAL,1,0,,,,,,1
212,0022000854,311,2,79,3,11:00 PM,11:21,MISS Richardson 13' Pullup Jump Shot,,,,,4,1626196,Josh Richardson,1610612742.0,Dallas,Mavericks,DAL,0,0,,,,,,0,0,,,,,,1
213,0022000854,312,4,0,3,11:00 PM,11:18,,,Randle REBOUND (Off:0 Def:6),,,5,203944,Julius Randle,1610612752.0,New York,Knicks,NYK,0,0,,,,,,0,0,,,,,,1
214,0022000854,313,2,63,3,11:00 PM,11:09,,,MISS Randle 16' Fadeaway Jumper,,,5,203944,Julius Randle,1610612752.0,New York,Knicks,NYK,0,0,,,,,,0,0,,,,,,1
215,0022000854,314,4,0,3,11:00 PM,11:07,Richardson REBOUND (Off:2 Def:2),,,,,4,1626196,Josh Richardson,1610612742.0,Dallas,Mavericks,DAL,0,0,,,,,,0,0,,,,,,1
216,0022000854,315,6,2,3,11:01 PM,10:48,,,Noel S.FOUL (P3.T2) (J.Goble),,,5,203457,Nerlens Noel,1610612752.0,New York,Knicks,NYK,4,204001,Kristaps Porzingis,1610612742.0,Dallas,Mavericks,DAL,1,0,,,,,,1
217,0022000854,317,3,11,3,11:01 PM,10:48,Porzingis Free Throw 1 of 2 (11 PTS),,,56 - 53,-3,4,204001,Kristaps Porzingis,1610612742.0,Dallas,Mavericks,DAL,0,0,,,,,,0,0,,,,,,1
218,0022000854,318,3,12,3,11:01 PM,10:48,Porzingis Free Throw 2 of 2 (12 PTS),,,56 - 54,-2,4,204001,Kristaps Porzingis,1610612742.0,Dallas,Mavericks,DAL,0,0,,,,,,0,0,,,,,,1
219,0022000854,319,2,5,3,11:01 PM,10:36,Doncic BLOCK (1 BLK),,MISS Payton 1' Layup,,,5,203901,Elfrid Payton,1610612752.0,New York,Knicks,NYK,0,0,,,,,,4,1629029,Luka Doncic,1610612742.0,Dallas,Mavericks,DAL,1
220,0022000854,321,4,0,3,11:02 PM,10:35,,,Payton REBOUND (Off:1 Def:4),,,5,203901,Elfrid Payton,1610612752.0,New York,Knicks,NYK,0,0,,,,,,0,0,,,,,,1
221,0022000854,322,2,72,3,11:02 PM,10:34,,,MISS Payton 1' Putback Layup,,,5,203901,Elfrid Payton,1610612752.0,New York,Knicks,NYK,0,0,,,,,,0,0,,,,,,1
222,0022000854,323,4,0,3,11:02 PM,10:31,Finney-Smith REBOUND (Off:1 Def:2),,,,,4,1627827,Dorian Finney-Smith,1610612742.0,Dallas,Mavericks,DAL,0,0,,,,,,0,0,,,,,,1
223,0022000854,324,1,101,3,11:02 PM,10:12,Doncic 7' Driving Floating Jump Shot (8 PTS),,,56 - 56,TIE,4,1629029,Luka Doncic,1610612742.0,Dallas,Mavericks,DAL,0,0,,,,,,0,0,,,,,,1
224,0022000854,325,5,45,3,11:02 PM,9:55,,,Payton Out of Bounds - Bad Pass Turnover Turnover (P2.T6),,,5,203901,Elfrid Payton,1610612752.0,New York,Knicks,NYK,0,0,,,,,,1,0,,,,,,1
225,0022000854,326,2,80,3,11:03 PM,9:39,MISS Doncic 24' 3PT Step Back Jump Shot,,,,,4,1629029,Luka Doncic,1610612742.0,Dallas,Mavericks,DAL,0,0,,,,,,0,0,,,,,,1
226,0022000854,327,4,0,3,11:03 PM,9:36,,,Payton REBOUND (Off:1 Def:5),,,5,203901,Elfrid Payton,1610612752.0,New York,Knicks,NYK,0,0,,,,,,0,0,,,,,,1
227,0022000854,328,1,102,3,11:03 PM,9:23,,,Randle 4' Driving Floating Bank Jump Shot (23 PTS),58 - 56,-2,5,203944,Julius Randle,1610612752.0,New York,Knicks,NYK,0,0,,,,,,0,0,,,,,,1
228,0022000854,330,1,1,3,11:03 PM,9:10,Richardson 26' 3PT Jump Shot (12 PTS) (Doncic 10 AST),,,58 - 59,1,4,1626196,Josh Richardson,1610612742.0,Dallas,Mavericks,DAL,4,1629029,Luka Doncic,1610612742.0,Dallas,Mavericks,DAL,0,0,,,,,,1
229,0022000854,332,1,1,3,11:04 PM,8:41,,,Bullock 3PT Jump Shot (9 PTS) (Randle 5 AST),61 - 59,-2,5,203493,Reggie Bullock,1610612752.0,New York,Knicks,NYK,5,203944,Julius Randle,1610612752.0,New York,Knicks,NYK,0,0,,,,,,1
230,0022000854,334,1,108,3,11:04 PM,8:28,Porzingis 2' Cutting Dunk Shot (14 PTS) (Doncic 11 AST),,,61 - 61,TIE,4,204001,Kristaps Porzingis,1610612742.0,Dallas,Mavericks,DAL,4,1629029,Luka Doncic,1610612742.0,Dallas,Mavericks,DAL,0,0,,,,,,1
231,0022000854,336,6,2,3,11:04 PM,8:13,Porzingis S.FOUL (P1.T1) (D.Collins),,,,,4,204001,Kristaps Porzingis,1610612742.0,Dallas,Mavericks,DAL,5,203457,Nerlens Noel,1610612752.0,New York,Knicks,NYK,1,0,,,,,,1
232,0022000854,338,3,11,3,11:05 PM,8:13,,,Noel Free Throw 1 of 2 (3 PTS),62 - 61,-1,5,203457,Nerlens Noel,1610612752.0,New York,Knicks,NYK,0,0,,,,,,0,0,,,,,,1
233,0022000854,339,3,12,3,11:05 PM,8:13,,,Noel Free Throw 2 of 2 (4 PTS),63 - 61,-2,5,203457,Nerlens Noel,1610612752.0,New York,Knicks,NYK,0,0,,,,,,0,0,,,,,,1
234,0022000854,340,2,78,3,11:05 PM,8:03,MISS Doncic 12' Floating Jump Shot,,,,,4,1629029,Luka Doncic,1610612742.0,Dallas,Mavericks,DAL,0,0,,,,,,0,0,,,,,,1
235,0022000854,341,4,0,3,11:05 PM,8:00,,,Payton REBOUND (Off:1 Def:6),,,5,203901,Elfrid Payton,1610612752.0,New York,Knicks,NYK,0,0,,,,,,0,0,,,,,,1
236,0022000854,342,6,1,3,11:05 PM,7:58,Finney-Smith P.FOUL (P2.T2) (J.Goble),,,,,4,1627827,Dorian Finney-Smith,1610612742.0,Dallas,Mavericks,DAL,5,203457,Nerlens Noel,1610612752.0,New York,Knicks,NYK,1,0,,,,,,1
237,0022000854,344,7,5,3,11:06 PM,7:52,Porzingis Violation:Kicked Ball (J.Goble),,,,,4,204001,Kristaps Porzingis,1610612742.0,Dallas,Mavericks,DAL,0,0,,,,,,1,0,,,,,,0
238,0022000854,345,2,80,3,11:06 PM,7:43,,,MISS Randle 17' Step Back Jump Shot,,,5,203944,Julius Randle,1610612752.0,New York,Knicks,NYK,0,0,,,,,,0,0,,,,,,1
239,0022000854,346,4,0,3,11:06 PM,7:40,Finney-Smith REBOUND (Off:1 Def:3),,,,,4,1627827,Dorian Finney-Smith,1610612742.0,Dallas,Mavericks,DAL,0,0,,,,,,0,0,,,,,,1
240,0022000854,347,1,105,3,11:06 PM,7:29,Doncic 9' Turnaround Fadeaway Bank Jump Shot (10 PTS),,,63 - 63,TIE,4,1629029,Luka Doncic,1610612742.0,Dallas,Mavericks,DAL,0,0,,,,,,0,0,,,,,,1
241,0022000854,348,2,101,3,11:07 PM,7:14,Porzingis BLOCK (2 BLK),,MISS Barrett 5' Driving Floating Jump Shot,,,5,1629628,RJ Barrett,1610612752.0,New York,Knicks,NYK,0,0,,,,,,4,204001,Kristaps Porzingis,1610612742.0,Dallas,Mavericks,DAL,1
242,0022000854,350,4,0,3,11:07 PM,7:12,Porzingis REBOUND (Off:3 Def:6),,,,,4,204001,Kristaps Porzingis,1610612742.0,Dallas,Mavericks,DAL,0,0,,,,,,0,0,,,,,,1
243,0022000854,351,6,2,3,11:07 PM,7:06,,,Noel S.FOUL (P4.T3) (J.Tiven),,,5,203457,Nerlens Noel,1610612752.0,New York,Knicks,NYK,4,1629029,Luka Doncic,1610612742.0,Dallas,Mavericks,DAL,1,0,,,,,,1
244,0022000854,353,3,11,3,11:07 PM,7:06,Doncic Free Throw 1 of 2 (11 PTS),,,63 - 64,1,4,1629029,Luka Doncic,1610612742.0,Dallas,Mavericks,DAL,0,0,,,,,,0,0,,,,,,1
245,0022000854,354,8,0,3,11:07 PM,7:06,,,SUB: Gibson FOR Noel,,,5,203457,Nerlens Noel,1610612752.0,New York,Knicks,NYK,5,201959,Taj Gibson,1610612752.0,New York,Knicks,NYK,0,0,,,,,,0
246,0022000854,356,3,12,3,11:08 PM,7:06,Doncic Free Throw 2 of 2 (12 PTS),,,63 - 65,2,4,1629029,Luka Doncic,1610612742.0,Dallas,Mavericks,DAL,0,0,,,,,,0,0,,,,,,1
247,0022000854,357,9,1,3,11:08 PM,7:06,,,Knicks Timeout: Regular (Reg.4 Short 0),,,3,1610612752,,,,,,0,0,,,,,,0,0,,,,,,0
248,0022000854,358,6,1,3,11:11 PM,6:55,Richardson P.FOUL (P1.T3) (D.Collins),,,,,4,1626196,Josh Richardson,1610612742.0,Dallas,Mavericks,DAL,5,203493,Reggie Bullock,1610612752.0,New York,Knicks,NYK,1,0,,,,,,1
249,0022000854,360,5,1,3,11:12 PM,6:41,Kleber STEAL (1 STL),,Bullock Bad Pass Turnover (P1.T7),,,5,203493,Reggie Bullock,1610612752.0,New York,Knicks,NYK,4,1628467,Maxi Kleber,1610612742.0,Dallas,Mavericks,DAL,0,0,,,,,,1
250,0022000854,362,1,106,3,11:12 PM,6:36,Finney-Smith 1' Running Alley Oop Dunk Shot (5 PTS) (Doncic 12 AST),,,63 - 67,4,4,1627827,Dorian Finney-Smith,1610612742.0,Dallas,Mavericks,DAL,4,1629029,Luka Doncic,1610612742.0,Dallas,Mavericks,DAL,0,0,,,,,,1
251,0022000854,364,1,1,3,11:12 PM,6:16,,,Randle 25' 3PT Jump Shot (26 PTS) (Payton 6 AST),66 - 67,1,5,203944,Julius Randle,1610612752.0,New York,Knicks,NYK,5,203901,Elfrid Payton,1610612752.0,New York,Knicks,NYK,0,0,,,,,,1
252,0022000854,366,1,80,3,11:13 PM,5:56,Doncic 25' 3PT Step Back Jump Shot (15 PTS),,,66 - 70,4,4,1629029,Luka Doncic,1610612742.0,Dallas,Mavericks,DAL,0,0,,,,,,0,0,,,,,,1
253,0022000854,367,1,6,3,11:13 PM,5:43,,,Payton 1' Driving Layup (6 PTS),68 - 70,2,5,203901,Elfrid Payton,1610612752.0,New York,Knicks,NYK,0,0,,,,,,0,0,,,,,,1
254,0022000854,368,2,1,3,11:13 PM,5:25,MISS Richardson 27' 3PT Jump Shot,,,,,4,1626196,Josh Richardson,1610612742.0,Dallas,Mavericks,DAL,0,0,,,,,,0,0,,,,,,1
255,0022000854,369,4,0,3,11:13 PM,5:23,,,Bullock REBOUND (Off:0 Def:4),,,5,203493,Reggie Bullock,1610612752.0,New York,Knicks,NYK,0,0,,,,,,0,0,,,,,,1
256,0022000854,370,2,80,3,11:13 PM,5:11,,,MISS Randle 15' Step Back Jump Shot,,,5,203944,Julius Randle,1610612752.0,New York,Knicks,NYK,0,0,,,,,,0,0,,,,,,1
257,0022000854,371,4,0,3,11:13 PM,5:08,Doncic REBOUND (Off:0 Def:6),,,,,4,1629029,Luka Doncic,1610612742.0,Dallas,Mavericks,DAL,0,0,,,,,,0,0,,,,,,1
258,0022000854,372,2,80,3,11:13 PM,5:02,MISS Doncic 29' 3PT Step Back Jump Shot,,,,,4,1629029,Luka Doncic,1610612742.0,Dallas,Mavericks,DAL,0,0,,,,,,0,0,,,,,,1
259,0022000854,373,4,0,3,11:14 PM,5:00,Finney-Smith REBOUND (Off:2 Def:3),,,,,4,1627827,Dorian Finney-Smith,1610612742.0,Dallas,Mavericks,DAL,0,0,,,,,,0,0,,,,,,1
260,0022000854,374,2,1,3,11:14 PM,4:58,MISS Kleber 25' 3PT Jump Shot,,,,,4,1628467,Maxi Kleber,1610612742.0,Dallas,Mavericks,DAL,0,0,,,,,,0,0,,,,,,1
261,0022000854,375,4,0,3,11:14 PM,4:56,,,Randle REBOUND (Off:0 Def:7),,,5,203944,Julius Randle,1610612752.0,New York,Knicks,NYK,0,0,,,,,,0,0,,,,,,1
262,0022000854,376,6,28,3,11:14 PM,4:56,Doncic Personal Take Foul (P2.T4) (J.Tiven),,,,,4,1629029,Luka Doncic,1610612742.0,Dallas,Mavericks,DAL,5,203944,Julius Randle,1610612752.0,New York,Knicks,NYK,1,0,,,,,,1
263,0022000854,378,8,0,3,11:14 PM,4:56,SUB: Hardaway Jr. FOR Finney-Smith,,,,,4,1627827,Dorian Finney-Smith,1610612742.0,Dallas,Mavericks,DAL,4,203501,Tim Hardaway Jr.,1610612742.0,Dallas,Mavericks,DAL,0,0,,,,,,0
264,0022000854,379,8,0,3,11:14 PM,4:56,,,SUB: Rose FOR Payton,,,5,203901,Elfrid Payton,1610612752.0,New York,Knicks,NYK,5,201565,Derrick Rose,1610612752.0,New York,Knicks,NYK,0,0,,,,,,0
265,0022000854,382,1,79,3,11:14 PM,4:38,,,Randle 13' Pullup Jump Shot (28 PTS),70 - 70,TIE,5,203944,Julius Randle,1610612752.0,New York,Knicks,NYK,0,0,,,,,,0,0,,,,,,1
266,0022000854,383,6,2,3,11:14 PM,4:38,Richardson S.FOUL (P2.PN) (D.Collins),,,,,4,1626196,Josh Richardson,1610612742.0,Dallas,Mavericks,DAL,5,203944,Julius Randle,1610612752.0,New York,Knicks,NYK,1,0,,,,,,1
267,0022000854,385,3,10,3,11:15 PM,4:38,,,Randle Free Throw 1 of 1 (29 PTS),71 - 70,-1,5,203944,Julius Randle,1610612752.0,New York,Knicks,NYK,0,0,,,,,,0,0,,,,,,1
268,0022000854,386,5,1,3,11:15 PM,4:27,Porzingis Bad Pass Turnover (P3.T6),,Rose STEAL (1 STL),,,4,204001,Kristaps Porzingis,1610612742.0,Dallas,Mavericks,DAL,5,201565,Derrick Rose,1610612752.0,New York,Knicks,NYK,0,0,,,,,,1
269,0022000854,388,2,1,3,11:15 PM,4:19,,,MISS Randle 17' Jump Shot,,,5,203944,Julius Randle,1610612752.0,New York,Knicks,NYK,0,0,,,,,,0,0,,,,,,1
270,0022000854,389,4,0,3,11:15 PM,4:16,Porzingis REBOUND (Off:3 Def:7),,,,,4,204001,Kristaps Porzingis,1610612742.0,Dallas,Mavericks,DAL,0,0,,,,,,0,0,,,,,,1
271,0022000854,390,5,45,3,11:16 PM,4:03,Doncic Out of Bounds - Bad Pass Turnover Turnover (P2.T7),,,,,4,1629029,Luka Doncic,1610612742.0,Dallas,Mavericks,DAL,0,0,,,,,,1,0,,,,,,1
272,0022000854,391,2,6,3,11:16 PM,3:49,,,MISS Rose 2' Driving Layup,,,5,201565,Derrick Rose,1610612752.0,New York,Knicks,NYK,0,0,,,,,,0,0,,,,,,1
273,0022000854,392,4,0,3,11:16 PM,3:48,,,Barrett REBOUND (Off:1 Def:3),,,5,1629628,RJ Barrett,1610612752.0,New York,Knicks,NYK,0,0,,,,,,0,0,,,,,,1
274,0022000854,393,1,66,3,11:16 PM,3:46,,,Barrett 3' Jump Bank Shot (11 PTS),73 - 70,-3,5,1629628,RJ Barrett,1610612752.0,New York,Knicks,NYK,0,0,,,,,,0,0,,,,,,1
275,0022000854,394,9,1,3,11:16 PM,3:43,MAVERICKS Timeout: Regular (Full 3 Short 0),,,,,2,1610612742,,,,,,0,0,,,,,,0,0,,,,,,0
276,0022000854,395,8,0,3,11:16 PM,3:43,SUB: Brunson FOR Richardson,,,,,4,1626196,Josh Richardson,1610612742.0,Dallas,Mavericks,DAL,4,1628973,Jalen Brunson,1610612742.0,Dallas,Mavericks,DAL,0,0,,,,,,0
277,0022000854,396,8,0,3,11:16 PM,3:43,SUB: Finney-Smith FOR Kleber,,,,,4,1628467,Maxi Kleber,1610612742.0,Dallas,Mavericks,DAL,4,1627827,Dorian Finney-Smith,1610612742.0,Dallas,Mavericks,DAL,0,0,,,,,,0
278,0022000854,399,1,1,3,11:20 PM,3:28,Finney-Smith 3PT Jump Shot (8 PTS) (Doncic 13 AST),,,73 - 73,TIE,4,1627827,Dorian Finney-Smith,1610612742.0,Dallas,Mavericks,DAL,4,1629029,Luka Doncic,1610612742.0,Dallas,Mavericks,DAL,0,0,,,,,,1
279,0022000854,401,1,1,3,11:20 PM,3:10,,,Randle 25' 3PT Jump Shot (32 PTS) (Rose 3 AST),76 - 73,-3,5,203944,Julius Randle,1610612752.0,New York,Knicks,NYK,5,201565,Derrick Rose,1610612752.0,New York,Knicks,NYK,0,0,,,,,,1
280,0022000854,403,2,1,3,11:20 PM,2:57,MISS Finney-Smith 3PT Jump Shot,,,,,4,1627827,Dorian Finney-Smith,1610612742.0,Dallas,Mavericks,DAL,0,0,,,,,,0,0,,,,,,1
281,0022000854,404,4,0,3,11:20 PM,2:54,,,Barrett REBOUND (Off:1 Def:4),,,5,1629628,RJ Barrett,1610612752.0,New York,Knicks,NYK,0,0,,,,,,0,0,,,,,,1
282,0022000854,405,2,105,3,11:21 PM,2:43,,,MISS Barrett 7' Turnaround Fadeaway Bank Jump Shot,,,5,1629628,RJ Barrett,1610612752.0,New York,Knicks,NYK,0,0,,,,,,0,0,,,,,,1
283,0022000854,406,4,0,3,11:21 PM,2:41,Porzingis REBOUND (Off:3 Def:8),,,,,4,204001,Kristaps Porzingis,1610612742.0,Dallas,Mavericks,DAL,0,0,,,,,,0,0,,,,,,1
284,0022000854,407,1,79,3,11:21 PM,2:24,Porzingis 20' Pullup Jump Shot (16 PTS) (Hardaway Jr. 1 AST),,,76 - 75,-1,4,204001,Kristaps Porzingis,1610612742.0,Dallas,Mavericks,DAL,4,203501,Tim Hardaway Jr.,1610612742.0,Dallas,Mavericks,DAL,0,0,,,,,,1
285,0022000854,409,2,1,3,11:21 PM,2:07,,,MISS Barrett 3PT Jump Shot,,,5,1629628,RJ Barrett,1610612752.0,New York,Knicks,NYK,0,0,,,,,,0,0,,,,,,1
286,0022000854,410,4,0,3,11:21 PM,2:05,,,Barrett REBOUND (Off:2 Def:4),,,5,1629628,RJ Barrett,1610612752.0,New York,Knicks,NYK,0,0,,,,,,0,0,,,,,,1
287,0022000854,411,2,1,3,11:21 PM,2:03,,,MISS Barrett 3PT Jump Shot,,,5,1629628,RJ Barrett,1610612752.0,New York,Knicks,NYK,0,0,,,,,,0,0,,,,,,1
288,0022000854,412,4,0,3,11:21 PM,2:01,Finney-Smith REBOUND (Off:2 Def:4),,,,,4,1627827,Dorian Finney-Smith,1610612742.0,Dallas,Mavericks,DAL,0,0,,,,,,0,0,,,,,,1
289,0022000854,413,1,6,3,11:21 PM,1:52,Brunson 1' Driving Layup (2 PTS) (Doncic 14 AST),,,76 - 77,1,4,1628973,Jalen Brunson,1610612742.0,Dallas,Mavericks,DAL,4,1629029,Luka Doncic,1610612742.0,Dallas,Mavericks,DAL,0,0,,,,,,1
290,0022000854,415,1,78,3,11:22 PM,1:39,,,Rose 12' Floating Jump Shot (11 PTS),78 - 77,-1,5,201565,Derrick Rose,1610612752.0,New York,Knicks,NYK,0,0,,,,,,0,0,,,,,,1
291,0022000854,416,2,1,3,11:22 PM,1:23,MISS Porzingis 27' 3PT Jump Shot,,,,,4,204001,Kristaps Porzingis,1610612742.0,Dallas,Mavericks,DAL,0,0,,,,,,0,0,,,,,,1
292,0022000854,417,4,0,3,11:22 PM,1:21,MAVERICKS Rebound,,,,,2,1610612742,,,,,,0,0,,,,,,0,0,,,,,,0
293,0022000854,419,1,6,3,11:22 PM,1:06,Brunson 1' Driving Layup (4 PTS),,,78 - 79,1,4,1628973,Jalen Brunson,1610612742.0,Dallas,Mavericks,DAL,0,0,,,,,,0,0,,,,,,1
294,0022000854,420,1,63,3,11:23 PM,0:41,,,Gibson 12' Fadeaway Jumper (4 PTS),80 - 79,-1,5,201959,Taj Gibson,1610612752.0,New York,Knicks,NYK,0,0,,,,,,0,0,,,,,,1
295,0022000854,421,2,1,3,11:23 PM,0:31,MISS Brunson 27' 3PT Jump Shot,,,,,4,1628973,Jalen Brunson,1610612742.0,Dallas,Mavericks,DAL,0,0,,,,,,0,0,,,,,,1
296,0022000854,422,4,0,3,11:23 PM,0:31,MAVERICKS Rebound,,,,,2,1610612742,,,,,,0,0,,,,,,0,0,,,,,,0
297,0022000854,423,6,3,3,11:23 PM,0:31,,,Barrett L.B.FOUL (P2.T4) (D.Collins),,,5,1629628,RJ Barrett,1610612752.0,New York,Knicks,NYK,4,204001,Kristaps Porzingis,1610612742.0,Dallas,Mavericks,DAL,1,0,,,,,,1
298,0022000854,425,8,0,3,11:24 PM,0:31,,,SUB: Noel FOR Gibson,,,5,201959,Taj Gibson,1610612752.0,New York,Knicks,NYK,5,203457,Nerlens Noel,1610612752.0,New York,Knicks,NYK,0,0,,,,,,0
299,0022000854,427,2,1,3,11:24 PM,0:21,MISS Porzingis 26' 3PT Jump Shot,,,,,4,204001,Kristaps Porzingis,1610612742.0,Dallas,Mavericks,DAL,0,0,,,,,,0,0,,,,,,1
300,0022000854,428,4,0,3,11:24 PM,0:19,,,Barrett REBOUND (Off:2 Def:5),,,5,1629628,RJ Barrett,1610612752.0,New York,Knicks,NYK,0,0,,,,,,0,0,,,,,,1
301,0022000854,429,1,80,3,11:25 PM,0:01,,,Randle 26' 3PT Step Back Jump Shot (35 PTS),83 - 79,-4,5,203944,Julius Randle,1610612752.0,New York,Knicks,NYK,0,0,,,,,,0,0,,,,,,1
302,0022000854,430,13,0,3,11:25 PM,0:00,,End of 3rd Period (11:25 PM EST),,83 - 79,-4,0,0,,,,,,0,0,,,,,,0,0,,,,,,1
303,0022000854,439,12,0,4,11:28 PM,12:00,,Start of 4th Period (11:28 PM EST),,83 - 79,-4,0,0,,,,,,0,0,,,,,,0,0,,,,,,0
304,0022000854,440,2,1,4,11:29 PM,11:47,MISS Redick 25' 3PT Jump Shot,,,,,4,200755,JJ Redick,1610612742.0,Dallas,Mavericks,DAL,0,0,,,,,,0,0,,,,,,1
305,0022000854,441,4,0,4,11:29 PM,11:44,,,Noel REBOUND (Off:2 Def:1),,,5,203457,Nerlens Noel,1610612752.0,New York,Knicks,NYK,0,0,,,,,,0,0,,,,,,1
306,0022000854,442,2,1,4,11:29 PM,11:34,,,MISS Rose 25' 3PT Jump Shot,,,5,201565,Derrick Rose,1610612752.0,New York,Knicks,NYK,0,0,,,,,,0,0,,,,,,1
307,0022000854,443,4,0,4,11:29 PM,11:30,,,Noel REBOUND (Off:3 Def:1),,,5,203457,Nerlens Noel,1610612752.0,New York,Knicks,NYK,0,0,,,,,,0,0,,,,,,1
308,0022000854,444,1,75,4,11:29 PM,11:23,,,Barrett 1' Driving Finger Roll Layup (13 PTS),85 - 79,-6,5,1629628,RJ Barrett,1610612752.0,New York,Knicks,NYK,0,0,,,,,,0,0,,,,,,1
309,0022000854,445,6,2,4,11:29 PM,11:23,Redick S.FOUL (P1.T1) (J.Tiven),,,,,4,200755,JJ Redick,1610612742.0,Dallas,Mavericks,DAL,5,1629628,RJ Barrett,1610612752.0,New York,Knicks,NYK,1,0,,,,,,1
310,0022000854,447,8,0,4,11:29 PM,11:23,,,SUB: Ntilikina FOR Bullock,,,5,203493,Reggie Bullock,1610612752.0,New York,Knicks,NYK,5,1628373,Frank Ntilikina,1610612752.0,New York,Knicks,NYK,0,0,,,,,,0
311,0022000854,449,3,10,4,11:29 PM,11:23,,,Barrett Free Throw 1 of 1 (14 PTS),86 - 79,-7,5,1629628,RJ Barrett,1610612752.0,New York,Knicks,NYK,0,0,,,,,,0,0,,,,,,1
312,0022000854,450,6,1,4,11:30 PM,11:17,,,Ntilikina P.FOUL (P1.T1) (D.Collins),,,5,1628373,Frank Ntilikina,1610612752.0,New York,Knicks,NYK,4,203501,Tim Hardaway Jr.,1610612742.0,Dallas,Mavericks,DAL,1,0,,,,,,1
313,0022000854,452,1,80,4,11:30 PM,11:04,Redick 26' 3PT Step Back Jump Shot (5 PTS) (Hardaway Jr. 2 AST),,,86 - 82,-4,4,200755,JJ Redick,1610612742.0,Dallas,Mavericks,DAL,4,203501,Tim Hardaway Jr.,1610612742.0,Dallas,Mavericks,DAL,0,0,,,,,,1
314,0022000854,454,1,6,4,11:31 PM,10:40,,,Barrett 1' Driving Layup (16 PTS),88 - 82,-6,5,1629628,RJ Barrett,1610612752.0,New York,Knicks,NYK,0,0,,,,,,0,0,,,,,,1
315,0022000854,455,2,1,4,11:31 PM,10:29,MISS Hardaway Jr. 3PT Jump Shot,,,,,4,203501,Tim Hardaway Jr.,1610612742.0,Dallas,Mavericks,DAL,0,0,,,,,,0,0,,,,,,1
316,0022000854,456,4,0,4,11:31 PM,10:25,,,Toppin REBOUND (Off:0 Def:3),,,5,1630167,Obi Toppin,1610612752.0,New York,Knicks,NYK,0,0,,,,,,0,0,,,,,,1
317,0022000854,457,2,41,4,11:31 PM,10:21,Kleber BLOCK (2 BLK),,MISS Rose 1' Running Layup,,,5,201565,Derrick Rose,1610612752.0,New York,Knicks,NYK,0,0,,,,,,4,1628467,Maxi Kleber,1610612742.0,Dallas,Mavericks,DAL,1
318,0022000854,459,4,0,4,11:31 PM,10:20,MAVERICKS Rebound,,,,,2,1610612742,,,,,,0,0,,,,,,0,0,,,,,,0
319,0022000854,461,6,1,4,11:31 PM,10:10,,,Barrett P.FOUL (P3.T2) (J.Goble),,,5,1629628,RJ Barrett,1610612752.0,New York,Knicks,NYK,4,200755,JJ Redick,1610612742.0,Dallas,Mavericks,DAL,1,0,,,,,,1
320,0022000854,463,2,101,4,11:32 PM,10:04,MISS Brunson 4' Driving Floating Jump Shot,,,,,4,1628973,Jalen Brunson,1610612742.0,Dallas,Mavericks,DAL,0,0,,,,,,0,0,,,,,,1
321,0022000854,464,4,0,4,11:32 PM,10:01,,,Toppin REBOUND (Off:0 Def:4),,,5,1630167,Obi Toppin,1610612752.0,New York,Knicks,NYK,0,0,,,,,,0,0,,,,,,1
322,0022000854,465,1,1,4,11:32 PM,9:57,,,Barrett 3PT Jump Shot (19 PTS) (Rose 4 AST),91 - 82,-9,5,1629628,RJ Barrett,1610612752.0,New York,Knicks,NYK,5,201565,Derrick Rose,1610612752.0,New York,Knicks,NYK,0,0,,,,,,1
323,0022000854,467,9,1,4,11:32 PM,9:56,MAVERICKS Timeout: Regular (Full 4 Short 0),,,,,2,1610612742,,,,,,0,0,,,,,,0,0,,,,,,0
324,0022000854,468,2,79,4,11:36 PM,9:41,MISS Redick 16' Pullup Jump Shot,,,,,4,200755,JJ Redick,1610612742.0,Dallas,Mavericks,DAL,0,0,,,,,,0,0,,,,,,1
325,0022000854,469,4,0,4,11:36 PM,9:40,Powell REBOUND (Off:1 Def:1),,,,,4,203939,Dwight Powell,1610612742.0,Dallas,Mavericks,DAL,0,0,,,,,,0,0,,,,,,1
326,0022000854,470,5,13,4,11:36 PM,9:37,Powell Backcourt Turnover (P2.T8),,,,,4,203939,Dwight Powell,1610612742.0,Dallas,Mavericks,DAL,0,0,,,,,,1,0,,,,,,1
327,0022000854,471,1,1,4,11:36 PM,9:20,,,Ntilikina 3PT Jump Shot (3 PTS) (Rose 5 AST),94 - 82,-12,5,1628373,Frank Ntilikina,1610612752.0,New York,Knicks,NYK,5,201565,Derrick Rose,1610612752.0,New York,Knicks,NYK,0,0,,,,,,1
328,0022000854,473,1,79,4,11:37 PM,9:01,Redick 25' 3PT Pullup Jump Shot (8 PTS) (Kleber 1 AST),,,94 - 85,-9,4,200755,JJ Redick,1610612742.0,Dallas,Mavericks,DAL,4,1628467,Maxi Kleber,1610612742.0,Dallas,Mavericks,DAL,0,0,,,,,,1
329,0022000854,475,2,101,4,11:37 PM,8:44,,,MISS Barrett 4' Driving Floating Jump Shot,,,5,1629628,RJ Barrett,1610612752.0,New York,Knicks,NYK,0,0,,,,,,0,0,,,,,,1
330,0022000854,476,4,0,4,11:37 PM,8:43,,,Barrett REBOUND (Off:3 Def:5),,,5,1629628,RJ Barrett,1610612752.0,New York,Knicks,NYK,0,0,,,,,,0,0,,,,,,1
331,0022000854,477,1,97,4,11:37 PM,8:42,,,Barrett Tip Layup Shot (21 PTS),96 - 85,-11,5,1629628,RJ Barrett,1610612752.0,New York,Knicks,NYK,0,0,,,,,,0,0,,,,,,1
332,0022000854,478,1,101,4,11:37 PM,8:30,Brunson 8' Driving Floating Jump Shot (6 PTS),,,96 - 87,-9,4,1628973,Jalen Brunson,1610612742.0,Dallas,Mavericks,DAL,0,0,,,,,,0,0,,,,,,1
333,0022000854,479,6,1,4,11:37 PM,8:14,Redick P.FOUL (P2.T2) (J.Tiven),,,,,4,200755,JJ Redick,1610612742.0,Dallas,Mavericks,DAL,5,1630167,Obi Toppin,1610612752.0,New York,Knicks,NYK,1,0,,,,,,1
334,0022000854,481,8,0,4,11:38 PM,8:14,SUB: Finney-Smith FOR Kleber,,,,,4,1628467,Maxi Kleber,1610612742.0,Dallas,Mavericks,DAL,4,1627827,Dorian Finney-Smith,1610612742.0,Dallas,Mavericks,DAL,0,0,,,,,,0
335,0022000854,483,2,1,4,11:38 PM,8:04,,,MISS Rose 15' Jump Shot,,,5,201565,Derrick Rose,1610612752.0,New York,Knicks,NYK,0,0,,,,,,0,0,,,,,,1
336,0022000854,484,4,0,4,11:38 PM,8:00,,,Noel REBOUND (Off:4 Def:1),,,5,203457,Nerlens Noel,1610612752.0,New York,Knicks,NYK,0,0,,,,,,0,0,,,,,,1
337,0022000854,485,6,2,4,11:38 PM,7:56,Powell S.FOUL (P1.T3) (J.Tiven),,,,,4,203939,Dwight Powell,1610612742.0,Dallas,Mavericks,DAL,5,1628373,Frank Ntilikina,1610612752.0,New York,Knicks,NYK,1,0,,,,,,1
338,0022000854,487,3,11,4,11:39 PM,7:56,,,MISS Ntilikina Free Throw 1 of 2,,,5,1628373,Frank Ntilikina,1610612752.0,New York,Knicks,NYK,0,0,,,,,,0,0,,,,,,1
339,0022000854,488,4,1,4,11:39 PM,7:56,,,Knicks Rebound,,,3,1610612752,,,,,,0,0,,,,,,0,0,,,,,,0
340,0022000854,489,8,0,4,11:39 PM,7:56,SUB: Porzingis FOR Powell,,,,,4,203939,Dwight Powell,1610612742.0,Dallas,Mavericks,DAL,4,204001,Kristaps Porzingis,1610612742.0,Dallas,Mavericks,DAL,0,0,,,,,,0
341,0022000854,490,8,0,4,11:39 PM,7:56,SUB: Doncic FOR Hardaway Jr.,,,,,4,203501,Tim Hardaway Jr.,1610612742.0,Dallas,Mavericks,DAL,4,1629029,Luka Doncic,1610612742.0,Dallas,Mavericks,DAL,0,0,,,,,,0
342,0022000854,491,8,0,4,11:39 PM,7:56,,,SUB: Randle FOR Toppin,,,5,1630167,Obi Toppin,1610612752.0,New York,Knicks,NYK,5,203944,Julius Randle,1610612752.0,New York,Knicks,NYK,0,0,,,,,,0
343,0022000854,495,3,12,4,11:39 PM,7:56,,,Ntilikina Free Throw 2 of 2 (4 PTS),97 - 87,-10,5,1628373,Frank Ntilikina,1610612752.0,New York,Knicks,NYK,0,0,,,,,,0,0,,,,,,1
344,0022000854,496,2,1,4,11:40 PM,7:39,MISS Finney-Smith 3PT Jump Shot,,,,,4,1627827,Dorian Finney-Smith,1610612742.0,Dallas,Mavericks,DAL,0,0,,,,,,0,0,,,,,,1
345,0022000854,497,4,0,4,11:40 PM,7:36,,,Noel REBOUND (Off:4 Def:2),,,5,203457,Nerlens Noel,1610612752.0,New York,Knicks,NYK,0,0,,,,,,0,0,,,,,,1
346,0022000854,498,1,6,4,11:40 PM,7:27,,,Rose 1' Driving Layup (13 PTS),99 - 87,-12,5,201565,Derrick Rose,1610612752.0,New York,Knicks,NYK,0,0,,,,,,0,0,,,,,,1
347,0022000854,499,9,1,4,11:40 PM,7:27,MAVERICKS Timeout: Regular (Full 5 Short 0),,,,,2,1610612742,,,,,,0,0,,,,,,0,0,,,,,,0
348,0022000854,500,8,0,4,11:40 PM,7:27,SUB: Richardson FOR Brunson,,,,,4,1628973,Jalen Brunson,1610612742.0,Dallas,Mavericks,DAL,4,1626196,Josh Richardson,1610612742.0,Dallas,Mavericks,DAL,0,0,,,,,,0
349,0022000854,501,8,0,4,11:40 PM,7:27,,,SUB: Bullock FOR Ntilikina,,,5,1628373,Frank Ntilikina,1610612752.0,New York,Knicks,NYK,5,203493,Reggie Bullock,1610612752.0,New York,Knicks,NYK,0,0,,,,,,0
350,0022000854,504,6,1,4,11:44 PM,7:15,,,Randle P.FOUL (P1.T3) (J.Goble),,,5,203944,Julius Randle,1610612752.0,New York,Knicks,NYK,4,204001,Kristaps Porzingis,1610612742.0,Dallas,Mavericks,DAL,1,0,,,,,,1
351,0022000854,506,2,1,4,11:44 PM,7:09,MISS Redick 25' 3PT Jump Shot,,,,,4,200755,JJ Redick,1610612742.0,Dallas,Mavericks,DAL,0,0,,,,,,0,0,,,,,,1
352,0022000854,507,4,0,4,11:44 PM,7:06,,,Knicks Rebound,,,3,1610612752,,,,,,0,0,,,,,,0,0,,,,,,0
353,0022000854,509,2,86,4,11:45 PM,6:45,,,MISS Randle 11' Turnaround Fadeaway Shot,,,5,203944,Julius Randle,1610612752.0,New York,Knicks,NYK,0,0,,,,,,0,0,,,,,,1
354,0022000854,510,4,0,4,11:45 PM,6:42,Doncic REBOUND (Off:0 Def:7),,,,,4,1629029,Luka Doncic,1610612742.0,Dallas,Mavericks,DAL,0,0,,,,,,0,0,,,,,,1
355,0022000854,511,2,80,4,11:45 PM,6:36,MISS Doncic 19' Step Back Jump Shot,,,,,4,1629029,Luka Doncic,1610612742.0,Dallas,Mavericks,DAL,0,0,,,,,,0,0,,,,,,1
356,0022000854,512,4,0,4,11:45 PM,6:33,,,Noel REBOUND (Off:4 Def:3),,,5,203457,Nerlens Noel,1610612752.0,New York,Knicks,NYK,0,0,,,,,,0,0,,,,,,1
357,0022000854,513,5,11,4,11:45 PM,6:11,,,Knicks Turnover: Shot Clock (T#8),,,3,1610612752,,,,,,0,0,,,,,,0,0,,,,,,0
358,0022000854,514,1,1,4,11:46 PM,5:49,Finney-Smith 26' 3PT Jump Shot (11 PTS) (Doncic 15 AST),,,99 - 90,-9,4,1627827,Dorian Finney-Smith,1610612742.0,Dallas,Mavericks,DAL,4,1629029,Luka Doncic,1610612742.0,Dallas,Mavericks,DAL,0,0,,,,,,1
359,0022000854,516,2,1,4,11:46 PM,5:25,,,MISS Barrett 3PT Jump Shot,,,5,1629628,RJ Barrett,1610612752.0,New York,Knicks,NYK,0,0,,,,,,0,0,,,,,,1
360,0022000854,517,4,0,4,11:46 PM,5:23,Redick REBOUND (Off:0 Def:2),,,,,4,200755,JJ Redick,1610612742.0,Dallas,Mavericks,DAL,0,0,,,,,,0,0,,,,,,1
361,0022000854,518,6,2,4,11:46 PM,5:19,,,Bullock S.FOUL (P3.T4) (J.Tiven),,,5,203493,Reggie Bullock,1610612752.0,New York,Knicks,NYK,4,200755,JJ Redick,1610612742.0,Dallas,Mavericks,DAL,1,0,,,,,,1
362,0022000854,520,3,11,4,11:47 PM,5:19,Redick Free Throw 1 of 2 (9 PTS),,,99 - 91,-8,4,200755,JJ Redick,1610612742.0,Dallas,Mavericks,DAL,0,0,,,,,,0,0,,,,,,1
363,0022000854,521,3,12,4,11:47 PM,5:19,MISS Redick Free Throw 2 of 2,,,,,4,200755,JJ Redick,1610612742.0,Dallas,Mavericks,DAL,0,0,,,,,,0,0,,,,,,1
364,0022000854,522,4,0,4,11:47 PM,5:16,,,Noel REBOUND (Off:4 Def:4),,,5,203457,Nerlens Noel,1610612752.0,New York,Knicks,NYK,0,0,,,,,,0,0,,,,,,1
365,0022000854,523,1,79,4,11:47 PM,5:07,,,Rose 15' Pullup Jump Shot (15 PTS),101 - 91,-10,5,201565,Derrick Rose,1610612752.0,New York,Knicks,NYK,0,0,,,,,,0,0,,,,,,1
366,0022000854,524,1,108,4,11:47 PM,4:53,Richardson 1' Cutting Dunk Shot (14 PTS) (Doncic 16 AST),,,101 - 93,-8,4,1626196,Josh Richardson,1610612742.0,Dallas,Mavericks,DAL,4,1629029,Luka Doncic,1610612742.0,Dallas,Mavericks,DAL,0,0,,,,,,1
367,0022000854,526,2,80,4,11:48 PM,4:37,,,MISS Randle 3PT Step Back Jump Shot,,,5,203944,Julius Randle,1610612752.0,New York,Knicks,NYK,0,0,,,,,,0,0,,,,,,1
368,0022000854,527,4,0,4,11:48 PM,4:34,Redick REBOUND (Off:0 Def:3),,,,,4,200755,JJ Redick,1610612742.0,Dallas,Mavericks,DAL,0,0,,,,,,0,0,,,,,,1
369,0022000854,528,1,6,4,11:48 PM,4:27,Doncic 1' Driving Layup (17 PTS) (Richardson 4 AST),,,101 - 95,-6,4,1629029,Luka Doncic,1610612742.0,Dallas,Mavericks,DAL,4,1626196,Josh Richardson,1610612742.0,Dallas,Mavericks,DAL,0,0,,,,,,1
370,0022000854,530,9,1,4,11:48 PM,4:26,,,Knicks Timeout: Regular (Reg.5 Short 0),,,3,1610612752,,,,,,0,0,,,,,,0,0,,,,,,0
371,0022000854,531,6,2,4,11:50 PM,4:11,Richardson S.FOUL (P3.T4) (J.Goble),,,,,4,1626196,Josh Richardson,1610612742.0,Dallas,Mavericks,DAL,5,203944,Julius Randle,1610612752.0,New York,Knicks,NYK,1,0,,,,,,1
372,0022000854,533,3,11,4,11:50 PM,4:11,,,Randle Free Throw 1 of 2 (36 PTS),102 - 95,-7,5,203944,Julius Randle,1610612752.0,New York,Knicks,NYK,0,0,,,,,,0,0,,,,,,1
373,0022000854,534,3,12,4,11:51 PM,4:11,,,Randle Free Throw 2 of 2 (37 PTS),103 - 95,-8,5,203944,Julius Randle,1610612752.0,New York,Knicks,NYK,0,0,,,,,,0,0,,,,,,1
374,0022000854,535,2,9,4,11:51 PM,3:57,MISS Finney-Smith Driving Dunk,,Noel BLOCK (3 BLK),,,4,1627827,Dorian Finney-Smith,1610612742.0,Dallas,Mavericks,DAL,0,0,,,,,,5,203457,Nerlens Noel,1610612752.0,New York,Knicks,NYK,1
375,0022000854,537,4,0,4,11:51 PM,3:54,,,Bullock REBOUND (Off:0 Def:5),,,5,203493,Reggie Bullock,1610612752.0,New York,Knicks,NYK,0,0,,,,,,0,0,,,,,,1
376,0022000854,538,2,102,4,11:51 PM,3:39,,,MISS Rose 7' Driving Floating Bank Jump Shot,,,5,201565,Derrick Rose,1610612752.0,New York,Knicks,NYK,0,0,,,,,,0,0,,,,,,1
377,0022000854,539,4,0,4,11:51 PM,3:38,,,Noel REBOUND (Off:5 Def:4),,,5,203457,Nerlens Noel,1610612752.0,New York,Knicks,NYK,0,0,,,,,,0,0,,,,,,1
378,0022000854,540,5,2,4,11:51 PM,3:34,Porzingis STEAL (1 STL),,Noel Lost Ball Turnover (P1.T9),,,5,203457,Nerlens Noel,1610612752.0,New York,Knicks,NYK,4,204001,Kristaps Porzingis,1610612742.0,Dallas,Mavericks,DAL,0,0,,,,,,1
379,0022000854,542,6,1,4,11:52 PM,3:21,,,Noel P.FOUL (P5.PN) (J.Goble),,,5,203457,Nerlens Noel,1610612752.0,New York,Knicks,NYK,4,204001,Kristaps Porzingis,1610612742.0,Dallas,Mavericks,DAL,1,0,,,,,,1
380,0022000854,544,18,2,4,11:52 PM,3:21,,Instant Replay4th Period (11:52 PM EST),,103 - 95,-8,0,0,,,,,,0,0,,,,,,0,0,,,,,,0
381,0022000854,545,8,0,4,11:55 PM,3:21,,,SUB: Payton FOR Rose,,,5,201565,Derrick Rose,1610612752.0,New York,Knicks,NYK,5,203901,Elfrid Payton,1610612752.0,New York,Knicks,NYK,0,0,,,,,,0
382,0022000854,547,3,11,4,11:56 PM,3:21,Porzingis Free Throw 1 of 2 (17 PTS),,,103 - 96,-7,4,204001,Kristaps Porzingis,1610612742.0,Dallas,Mavericks,DAL,0,0,,,,,,0,0,,,,,,1
383,0022000854,548,3,12,4,11:56 PM,3:21,Porzingis Free Throw 2 of 2 (18 PTS),,,103 - 97,-6,4,204001,Kristaps Porzingis,1610612742.0,Dallas,Mavericks,DAL,0,0,,,,,,0,0,,,,,,1
384,0022000854,549,1,93,4,11:56 PM,3:08,,,Randle 6' Driving Bank Hook Shot (39 PTS),105 - 97,-8,5,203944,Julius Randle,1610612752.0,New York,Knicks,NYK,0,0,,,,,,0,0,,,,,,1
385,0022000854,550,5,1,4,11:57 PM,2:53,Doncic Bad Pass Turnover (P3.T9),,Barrett STEAL (1 STL),,,4,1629029,Luka Doncic,1610612742.0,Dallas,Mavericks,DAL,5,1629628,RJ Barrett,1610612752.0,New York,Knicks,NYK,0,0,,,,,,1
386,0022000854,552,2,80,4,11:57 PM,2:38,,,MISS Randle 19' Step Back Jump Shot,,,5,203944,Julius Randle,1610612752.0,New York,Knicks,NYK,0,0,,,,,,0,0,,,,,,1
387,0022000854,553,4,0,4,11:57 PM,2:36,Doncic REBOUND (Off:0 Def:8),,,,,4,1629029,Luka Doncic,1610612742.0,Dallas,Mavericks,DAL,0,0,,,,,,0,0,,,,,,1
388,0022000854,554,1,50,4,11:57 PM,2:32,Finney-Smith 1' Running Dunk (13 PTS) (Doncic 17 AST),,,105 - 99,-6,4,1627827,Dorian Finney-Smith,1610612742.0,Dallas,Mavericks,DAL,4,1629029,Luka Doncic,1610612742.0,Dallas,Mavericks,DAL,0,0,,,,,,1
389,0022000854,556,2,101,4,11:57 PM,2:14,Richardson BLOCK (2 BLK),,MISS Barrett 5' Driving Floating Jump Shot,,,5,1629628,RJ Barrett,1610612752.0,New York,Knicks,NYK,0,0,,,,,,4,1626196,Josh Richardson,1610612742.0,Dallas,Mavericks,DAL,1
390,0022000854,558,4,0,4,11:57 PM,2:14,,,Knicks Rebound,,,3,1610612752,,,,,,0,0,,,,,,0,0,,,,,,0
391,0022000854,560,8,0,4,11:57 PM,2:14,SUB: Kleber FOR Redick,,,,,4,200755,JJ Redick,1610612742.0,Dallas,Mavericks,DAL,4,1628467,Maxi Kleber,1610612742.0,Dallas,Mavericks,DAL,0,0,,,,,,0
392,0022000854,562,6,2,4,11:58 PM,2:11,Richardson S.FOUL (P4.PN) (J.Goble),,,,,4,1626196,Josh Richardson,1610612742.0,Dallas,Mavericks,DAL,5,203457,Nerlens Noel,1610612752.0,New York,Knicks,NYK,1,0,,,,,,1
393,0022000854,565,3,11,4,11:58 PM,2:11,,,Noel Free Throw 1 of 2 (5 PTS),106 - 99,-7,5,203457,Nerlens Noel,1610612752.0,New York,Knicks,NYK,0,0,,,,,,0,0,,,,,,1
394,0022000854,566,8,0,4,11:58 PM,2:11,SUB: Redick FOR Finney-Smith,,,,,4,1627827,Dorian Finney-Smith,1610612742.0,Dallas,Mavericks,DAL,4,200755,JJ Redick,1610612742.0,Dallas,Mavericks,DAL,0,0,,,,,,0
395,0022000854,568,3,12,4,11:59 PM,2:11,,,Noel Free Throw 2 of 2 (6 PTS),107 - 99,-8,5,203457,Nerlens Noel,1610612752.0,New York,Knicks,NYK,0,0,,,,,,0,0,,,,,,1
396,0022000854,569,2,80,4,11:59 PM,2:04,MISS Doncic 25' 3PT Step Back Jump Shot,,,,,4,1629029,Luka Doncic,1610612742.0,Dallas,Mavericks,DAL,0,0,,,,,,0,0,,,,,,1
397,0022000854,570,4,0,4,11:59 PM,2:01,,,Noel REBOUND (Off:5 Def:5),,,5,203457,Nerlens Noel,1610612752.0,New York,Knicks,NYK,0,0,,,,,,0,0,,,,,,1
398,0022000854,571,1,47,4,11:59 PM,1:44,,,Randle 10' Turnaround Jump Shot (41 PTS),109 - 99,-10,5,203944,Julius Randle,1610612752.0,New York,Knicks,NYK,0,0,,,,,,0,0,,,,,,1
399,0022000854,572,1,6,4,12:00 AM,1:36,Porzingis 2' Driving Layup (20 PTS) (Doncic 18 AST),,,109 - 101,-8,4,204001,Kristaps Porzingis,1610612742.0,Dallas,Mavericks,DAL,4,1629029,Luka Doncic,1610612742.0,Dallas,Mavericks,DAL,0,0,,,,,,1
400,0022000854,574,6,2,4,12:00 AM,1:36,,,Barrett S.FOUL (P4.PN) (D.Collins),,,5,1629628,RJ Barrett,1610612752.0,New York,Knicks,NYK,4,204001,Kristaps Porzingis,1610612742.0,Dallas,Mavericks,DAL,1,0,,,,,,1
401,0022000854,576,8,0,4,12:00 AM,1:36,SUB: Finney-Smith FOR Redick,,,,,4,200755,JJ Redick,1610612742.0,Dallas,Mavericks,DAL,4,1627827,Dorian Finney-Smith,1610612742.0,Dallas,Mavericks,DAL,0,0,,,,,,0
402,0022000854,578,3,10,4,12:00 AM,1:36,Porzingis Free Throw 1 of 1 (21 PTS),,,109 - 102,-7,4,204001,Kristaps Porzingis,1610612742.0,Dallas,Mavericks,DAL,0,0,,,,,,0,0,,,,,,1
403,0022000854,579,1,63,4,12:01 AM,1:15,,,Barrett 14' Fadeaway Jumper (23 PTS) (Randle 6 AST),111 - 102,-9,5,1629628,RJ Barrett,1610612752.0,New York,Knicks,NYK,5,203944,Julius Randle,1610612752.0,New York,Knicks,NYK,0,0,,,,,,1
404,0022000854,581,6,1,4,12:01 AM,1:12,,,Noel P.FOUL (P6.PN) (J.Goble),,,5,203457,Nerlens Noel,1610612752.0,New York,Knicks,NYK,4,1629029,Luka Doncic,1610612742.0,Dallas,Mavericks,DAL,1,0,,,,,,1
405,0022000854,583,8,0,4,12:01 AM,1:12,,,SUB: Gibson FOR Noel,,,5,203457,Nerlens Noel,1610612752.0,New York,Knicks,NYK,5,201959,Taj Gibson,1610612752.0,New York,Knicks,NYK,0,0,,,,,,0
406,0022000854,585,3,11,4,12:02 AM,1:12,MISS Doncic Free Throw 1 of 2,,,,,4,1629029,Luka Doncic,1610612742.0,Dallas,Mavericks,DAL,0,0,,,,,,0,0,,,,,,1
407,0022000854,586,4,1,4,12:02 AM,1:12,MAVERICKS Rebound,,,,,2,1610612742,,,,,,0,0,,,,,,0,0,,,,,,0
408,0022000854,587,3,12,4,12:02 AM,1:12,MISS Doncic Free Throw 2 of 2,,,,,4,1629029,Luka Doncic,1610612742.0,Dallas,Mavericks,DAL,0,0,,,,,,0,0,,,,,,1
409,0022000854,588,4,0,4,12:02 AM,1:10,,,Randle REBOUND (Off:0 Def:8),,,5,203944,Julius Randle,1610612752.0,New York,Knicks,NYK,0,0,,,,,,0,0,,,,,,1
410,0022000854,589,5,1,4,12:02 AM,1:05,Richardson STEAL (2 STL),,Bullock Bad Pass Turnover (P2.T10),,,5,203493,Reggie Bullock,1610612752.0,New York,Knicks,NYK,4,1626196,Josh Richardson,1610612742.0,Dallas,Mavericks,DAL,0,0,,,,,,1
411,0022000854,591,2,63,4,12:02 AM,1:00,MISS Richardson 14' Fadeaway Jumper,,,,,4,1626196,Josh Richardson,1610612742.0,Dallas,Mavericks,DAL,0,0,,,,,,0,0,,,,,,1
412,0022000854,592,4,0,4,12:02 AM,0:58,,,Randle REBOUND (Off:0 Def:9),,,5,203944,Julius Randle,1610612752.0,New York,Knicks,NYK,0,0,,,,,,0,0,,,,,,1
413,0022000854,593,6,1,4,12:02 AM,0:58,Kleber P.FOUL (P2.PN) (J.Tiven),,,,,4,1628467,Maxi Kleber,1610612742.0,Dallas,Mavericks,DAL,5,203944,Julius Randle,1610612752.0,New York,Knicks,NYK,1,0,,,,,,1
414,0022000854,595,3,11,4,12:03 AM,0:58,,,Randle Free Throw 1 of 2 (42 PTS),112 - 102,-10,5,203944,Julius Randle,1610612752.0,New York,Knicks,NYK,0,0,,,,,,0,0,,,,,,1
415,0022000854,596,3,12,4,12:03 AM,0:58,,,MISS Randle Free Throw 2 of 2,,,5,203944,Julius Randle,1610612752.0,New York,Knicks,NYK,0,0,,,,,,0,0,,,,,,1
416,0022000854,597,4,0,4,12:03 AM,0:56,Finney-Smith REBOUND (Off:2 Def:5),,,,,4,1627827,Dorian Finney-Smith,1610612742.0,Dallas,Mavericks,DAL,0,0,,,,,,0,0,,,,,,1
417,0022000854,598,2,1,4,12:03 AM,0:50,MISS Porzingis 27' 3PT Jump Shot,,,,,4,204001,Kristaps Porzingis,1610612742.0,Dallas,Mavericks,DAL,0,0,,,,,,0,0,,,,,,1
418,0022000854,599,4,0,4,12:03 AM,0:47,,,Randle REBOUND (Off:0 Def:10),,,5,203944,Julius Randle,1610612752.0,New York,Knicks,NYK,0,0,,,,,,0,0,,,,,,1
419,0022000854,600,6,1,4,12:03 AM,0:43,Kleber P.FOUL (P3.PN) (J.Tiven),,,,,4,1628467,Maxi Kleber,1610612742.0,Dallas,Mavericks,DAL,5,203944,Julius Randle,1610612752.0,New York,Knicks,NYK,1,0,,,,,,1
420,0022000854,602,3,11,4,12:04 AM,0:43,,,MISS Randle Free Throw 1 of 2,,,5,203944,Julius Randle,1610612752.0,New York,Knicks,NYK,0,0,,,,,,0,0,,,,,,1
421,0022000854,603,4,1,4,12:04 AM,0:43,,,Knicks Rebound,,,3,1610612752,,,,,,0,0,,,,,,0,0,,,,,,0
422,0022000854,604,3,12,4,12:04 AM,0:43,,,Randle Free Throw 2 of 2 (43 PTS),113 - 102,-11,5,203944,Julius Randle,1610612752.0,New York,Knicks,NYK,0,0,,,,,,0,0,,,,,,1
423,0022000854,605,9,1,4,12:04 AM,0:43,MAVERICKS Timeout: Regular (Full 6 Short 0),,,,,2,1610612742,,,,,,0,0,,,,,,0,0,,,,,,0
424,0022000854,606,8,0,4,12:04 AM,0:43,SUB: Redick FOR Finney-Smith,,,,,4,1627827,Dorian Finney-Smith,1610612742.0,Dallas,Mavericks,DAL,4,200755,JJ Redick,1610612742.0,Dallas,Mavericks,DAL,0,0,,,,,,0
425,0022000854,608,1,75,4,12:06 AM,0:40,Doncic 2' Driving Finger Roll Layup (19 PTS) (Kleber 2 AST),,,113 - 104,-9,4,1629029,Luka Doncic,1610612742.0,Dallas,Mavericks,DAL,4,1628467,Maxi Kleber,1610612742.0,Dallas,Mavericks,DAL,0,0,,,,,,1
426,0022000854,610,9,1,4,12:06 AM,0:40,,,Knicks Timeout: Regular (Reg.6 Short 0),,,3,1610612752,,,,,,0,0,,,,,,0,0,,,,,,0
427,0022000854,611,8,0,4,12:07 AM,0:40,SUB: Hardaway Jr. FOR Porzingis,,,,,4,204001,Kristaps Porzingis,1610612742.0,Dallas,Mavericks,DAL,4,203501,Tim Hardaway Jr.,1610612742.0,Dallas,Mavericks,DAL,0,0,,,,,,0
428,0022000854,613,8,0,4,12:07 AM,0:40,,,SUB: Quickley FOR Payton,,,5,203901,Elfrid Payton,1610612752.0,New York,Knicks,NYK,5,1630193,Immanuel Quickley,1610612752.0,New York,Knicks,NYK,0,0,,,,,,0
429,0022000854,614,8,0,4,12:07 AM,0:40,,,SUB: Rose FOR Gibson,,,5,201959,Taj Gibson,1610612752.0,New York,Knicks,NYK,5,201565,Derrick Rose,1610612752.0,New York,Knicks,NYK,0,0,,,,,,0
430,0022000854,622,8,0,4,12:07 AM,0:40,SUB: Finney-Smith FOR Redick,,,,,4,200755,JJ Redick,1610612742.0,Dallas,Mavericks,DAL,4,1627827,Dorian Finney-Smith,1610612742.0,Dallas,Mavericks,DAL,0,0,,,,,,0
431,0022000854,620,6,1,4,12:08 AM,0:37,Doncic P.FOUL (P3.PN) (J.Tiven),,,,,4,1629029,Luka Doncic,1610612742.0,Dallas,Mavericks,DAL,5,1629628,RJ Barrett,1610612752.0,New York,Knicks,NYK,1,0,,,,,,1
432,0022000854,623,3,11,4,12:09 AM,0:37,,,Barrett Free Throw 1 of 2 (24 PTS),114 - 104,-10,5,1629628,RJ Barrett,1610612752.0,New York,Knicks,NYK,0,0,,,,,,0,0,,,,,,1
433,0022000854,632,3,12,4,12:09 AM,0:37,,,MISS Barrett Free Throw 2 of 2,,,5,1629628,RJ Barrett,1610612752.0,New York,Knicks,NYK,0,0,,,,,,0,0,,,,,,1
434,0022000854,624,8,0,4,12:09 AM,0:37,SUB: Porzingis FOR Richardson,,,,,4,1626196,Josh Richardson,1610612742.0,Dallas,Mavericks,DAL,4,204001,Kristaps Porzingis,1610612742.0,Dallas,Mavericks,DAL,0,0,,,,,,0
435,0022000854,625,8,0,4,12:09 AM,0:37,SUB: Redick FOR Finney-Smith,,,,,4,1627827,Dorian Finney-Smith,1610612742.0,Dallas,Mavericks,DAL,4,200755,JJ Redick,1610612742.0,Dallas,Mavericks,DAL,0,0,,,,,,0
436,0022000854,626,8,0,4,12:09 AM,0:37,,,SUB: Gibson FOR Quickley,,,5,1630193,Immanuel Quickley,1610612752.0,New York,Knicks,NYK,5,201959,Taj Gibson,1610612752.0,New York,Knicks,NYK,0,0,,,,,,0
437,0022000854,627,8,0,4,12:09 AM,0:37,,,SUB: Payton FOR Rose,,,5,201565,Derrick Rose,1610612752.0,New York,Knicks,NYK,5,203901,Elfrid Payton,1610612752.0,New York,Knicks,NYK,0,0,,,,,,0
438,0022000854,633,4,0,4,12:09 AM,0:36,Porzingis REBOUND (Off:3 Def:9),,,,,4,204001,Kristaps Porzingis,1610612742.0,Dallas,Mavericks,DAL,0,0,,,,,,0,0,,,,,,1
439,0022000854,634,1,9,4,12:09 AM,0:27,Porzingis 2' Driving Dunk (23 PTS) (Doncic 19 AST),,,114 - 106,-8,4,204001,Kristaps Porzingis,1610612742.0,Dallas,Mavericks,DAL,4,1629029,Luka Doncic,1610612742.0,Dallas,Mavericks,DAL,0,0,,,,,,1
440,0022000854,636,6,1,4,12:09 AM,0:24,Hardaway Jr. P.FOUL (P1.PN) (J.Tiven),,,,,4,203501,Tim Hardaway Jr.,1610612742.0,Dallas,Mavericks,DAL,5,203944,Julius Randle,1610612752.0,New York,Knicks,NYK,1,0,,,,,,1
441,0022000854,638,3,11,4,12:10 AM,0:24,,,MISS Randle Free Throw 1 of 2,,,5,203944,Julius Randle,1610612752.0,New York,Knicks,NYK,0,0,,,,,,0,0,,,,,,1
442,0022000854,639,4,1,4,12:10 AM,0:24,,,Knicks Rebound,,,3,1610612752,,,,,,0,0,,,,,,0,0,,,,,,0
443,0022000854,640,3,12,4,12:10 AM,0:24,,,Randle Free Throw 2 of 2 (44 PTS),115 - 106,-9,5,203944,Julius Randle,1610612752.0,New York,Knicks,NYK,0,0,,,,,,0,0,,,,,,1
444,0022000854,641,1,1,4,12:10 AM,0:21,Doncic 25' 3PT Jump Shot (22 PTS),,,115 - 109,-6,4,1629029,Luka Doncic,1610612742.0,Dallas,Mavericks,DAL,0,0,,,,,,0,0,,,,,,1
445,0022000854,643,8,0,4,12:11 AM,0:15,,,SUB: Quickley FOR Gibson,,,5,201959,Taj Gibson,1610612752.0,New York,Knicks,NYK,5,1630193,Immanuel Quickley,1610612752.0,New York,Knicks,NYK,0,0,,,,,,0
446,0022000854,645,1,5,4,12:11 AM,0:12,,,Bullock 2' Layup (11 PTS) (Randle 7 AST),117 - 109,-8,5,203493,Reggie Bullock,1610612752.0,New York,Knicks,NYK,5,203944,Julius Randle,1610612752.0,New York,Knicks,NYK,0,0,,,,,,1
447,0022000854,647,2,1,4,12:11 AM,0:08,MISS Doncic 25' 3PT Jump Shot,,,,,4,1629029,Luka Doncic,1610612742.0,Dallas,Mavericks,DAL,0,0,,,,,,0,0,,,,,,1
448,0022000854,648,4,0,4,12:11 AM,0:04,Redick REBOUND (Off:1 Def:3),,,,,4,200755,JJ Redick,1610612742.0,Dallas,Mavericks,DAL,0,0,,,,,,0,0,,,,,,1
449,0022000854,649,2,1,4,12:11 AM,0:02,MISS Porzingis 26' 3PT Jump Shot,,,,,4,204001,Kristaps Porzingis,1610612742.0,Dallas,Mavericks,DAL,0,0,,,,,,0,0,,,,,,1
450,0022000854,650,4,0,4,12:11 AM,0:00,MAVERICKS Rebound,,,,,2,1610612742,,,,,,0,0,,,,,,0,0,,,,,,0
451,0022000854,651,13,0,4,12:11 AM,0:00,,End of 4th Period (12:11 AM EST),,117 - 109,-8,0,0,,,,,,0,0,,,,,,0,0,,,,,,1
