,GRID_TYPE,GAME_ID,GAME_EVENT_ID,PLAYER_ID,PLAYER_NAME,TEAM_ID,TEAM_NAME,PERIOD,MINUTES_REMAINING,SECONDS_REMAINING,EVENT_TYPE,ACTION_TYPE,SHOT_TYPE,SHOT_ZONE_BASIC,SHOT_ZONE_AREA,SHOT_ZONE_RANGE,SHOT_DISTANCE,LOC_X,LOC_Y,SHOT_ATTEMPTED_FLAG,SHOT_MADE_FLAG,GAME_DATE,HTM,VTM
0,Shot Chart Detail,0021900179,219,1628966,Keita Bates-Diop,1610612750,Minnesota Timberwolves,2,7,24,Missed Shot,Jump Shot,3PT Field Goal,Right Corner 3,Right Side(R),24+ ft.,22,225,45,1,0,20191116,MIN,HOU
1,Shot Chart Detail,0021900179,583,1628966,Keita Bates-Diop,1610612750,Minnesota Timberwolves,4,6,11,Missed Shot,Jump Shot,3PT Field Goal,Above the Break 3,Left Side Center(LC),24+ ft.,27,-134,235,1,0,20191116,MIN,HOU
2,Shot Chart Detail,0021900179,638,1628966,Keita Bates-Diop,1610612750,Minnesota Timberwolves,4,2,24,Made Shot,Jump Shot,3PT Field Goal,Above the Break 3,Left Side Center(LC),24+ ft.,25,-225,110,1,1,20191116,MIN,HOU
3,Shot Chart Detail,0021900196,472,1628966,Keita Bates-Diop,1610612750,Minnesota Timberwolves,3,3,8,Missed Shot,Driving Layup Shot,2PT Field Goal,In The Paint (Non-RA),Center(C),Less Than 8 ft.,6,22,57,1,0,20191118,UTA,MIN
4,Shot Chart Detail,0021900196,558,1628966,Keita Bates-Diop,1610612750,Minnesota Timberwolves,4,9,12,Made Shot,Cutting Layup Shot,2PT Field Goal,Restricted Area,Center(C),Less Than 8 ft.,2,-18,13,1,1,20191118,UTA,MIN
5,Shot Chart Detail,0021900210,237,1628966,Keita Bates-Diop,1610612750,Minnesota Timberwolves,2,7,30,Made Shot,Jump Shot,3PT Field Goal,Left Corner 3,Left Side(L),24+ ft.,23,-232,16,1,1,20191120,MIN,UTA
6,Shot Chart Detail,0021900225,55,1628966,Keita Bates-Diop,1610612750,Minnesota Timberwolves,1,8,3,Made Shot,Driving Layup Shot,2PT Field Goal,Restricted Area,Center(C),Less Than 8 ft.,1,8,10,1,1,20191123,MIN,PHX
7,Shot Chart Detail,0021900225,74,1628966,Keita Bates-Diop,1610612750,Minnesota Timberwolves,1,6,5,Missed Shot,Jump Shot,3PT Field Goal,Above the Break 3,Left Side Center(LC),24+ ft.,24,-229,92,1,0,20191123,MIN,PHX
8,Shot Chart Detail,0021900225,141,1628966,Keita Bates-Diop,1610612750,Minnesota Timberwolves,1,1,18,Missed Shot,Jump Shot,3PT Field Goal,Above the Break 3,Right Side Center(RC),24+ ft.,25,136,215,1,0,20191123,MIN,PHX
9,Shot Chart Detail,0021900225,252,1628966,Keita Bates-Diop,1610612750,Minnesota Timberwolves,2,6,3,Missed Shot,Running Jump Shot,2PT Field Goal,In The Paint (Non-RA),Center(C),Less Than 8 ft.,7,-14,71,1,0,20191123,MIN,PHX
10,Shot Chart Detail,0021900225,270,1628966,Keita Bates-Diop,1610612750,Minnesota Timberwolves,2,5,0,Missed Shot,Jump Shot,3PT Field Goal,Above the Break 3,Right Side Center(RC),24+ ft.,25,144,209,1,0,20191123,MIN,PHX
11,Shot Chart Detail,0021900225,302,1628966,Keita Bates-Diop,1610612750,Minnesota Timberwolves,2,2,40,Made Shot,Driving Layup Shot,2PT Field Goal,Restricted Area,Center(C),Less Than 8 ft.,1,-11,12,1,1,20191123,MIN,PHX
12,Shot Chart Detail,0021900225,322,1628966,Keita Bates-Diop,1610612750,Minnesota Timberwolves,2,1,17,Made Shot,Jump Shot,3PT Field Goal,Left Corner 3,Left Side(L),24+ ft.,22,-224,7,1,1,20191123,MIN,PHX
13,Shot Chart Detail,0021900225,332,1628966,Keita Bates-Diop,1610612750,Minnesota Timberwolves,2,0,0,Missed Shot,Pullup Jump shot,3PT Field Goal,Above the Break 3,Left Side Center(LC),24+ ft.,30,-186,242,1,0,20191123,MIN,PHX
14,Shot Chart Detail,0021900225,353,1628966,Keita Bates-Diop,1610612750,Minnesota Timberwolves,3,10,5,Made Shot,Jump Shot,3PT Field Goal,Right Corner 3,Right Side(R),24+ ft.,23,232,57,1,1,20191123,MIN,PHX
15,Shot Chart Detail,0021900225,365,1628966,Keita Bates-Diop,1610612750,Minnesota Timberwolves,3,8,44,Missed Shot,Jump Shot,3PT Field Goal,Above the Break 3,Right Side Center(RC),24+ ft.,24,219,113,1,0,20191123,MIN,PHX
16,Shot Chart Detail,0021900225,415,1628966,Keita Bates-Diop,1610612750,Minnesota Timberwolves,3,6,3,Made Shot,Jump Shot,3PT Field Goal,Right Corner 3,Right Side(R),24+ ft.,23,231,8,1,1,20191123,MIN,PHX
17,Shot Chart Detail,0021900225,425,1628966,Keita Bates-Diop,1610612750,Minnesota Timberwolves,3,5,2,Made Shot,Running Layup Shot,2PT Field Goal,Restricted Area,Center(C),Less Than 8 ft.,1,-2,10,1,1,20191123,MIN,PHX
18,Shot Chart Detail,0021900225,443,1628966,Keita Bates-Diop,1610612750,Minnesota Timberwolves,3,4,12,Missed Shot,Jump Shot,3PT Field Goal,Above the Break 3,Center(C),24+ ft.,24,-40,242,1,0,20191123,MIN,PHX
19,Shot Chart Detail,0021900225,459,1628966,Keita Bates-Diop,1610612750,Minnesota Timberwolves,3,2,36,Made Shot,Turnaround Jump Shot,2PT Field Goal,In The Paint (Non-RA),Center(C),Less Than 8 ft.,6,3,68,1,1,20191123,MIN,PHX
20,Shot Chart Detail,0021900225,492,1628966,Keita Bates-Diop,1610612750,Minnesota Timberwolves,3,0,19,Made Shot,Driving Layup Shot,2PT Field Goal,Restricted Area,Center(C),Less Than 8 ft.,1,3,13,1,1,20191123,MIN,PHX
21,Shot Chart Detail,0021900225,580,1628966,Keita Bates-Diop,1610612750,Minnesota Timberwolves,4,6,45,Missed Shot,Driving Layup Shot,2PT Field Goal,Restricted Area,Center(C),Less Than 8 ft.,1,2,17,1,0,20191123,MIN,PHX
22,Shot Chart Detail,0021900225,601,1628966,Keita Bates-Diop,1610612750,Minnesota Timberwolves,4,5,35,Missed Shot,Jump Shot,3PT Field Goal,Above the Break 3,Right Side Center(RC),24+ ft.,25,177,188,1,0,20191123,MIN,PHX
23,Shot Chart Detail,0021900225,606,1628966,Keita Bates-Diop,1610612750,Minnesota Timberwolves,4,4,46,Made Shot,Cutting Dunk Shot,2PT Field Goal,Restricted Area,Center(C),Less Than 8 ft.,1,-13,3,1,1,20191123,MIN,PHX
24,Shot Chart Detail,0021900243,145,1628966,Keita Bates-Diop,1610612750,Minnesota Timberwolves,1,1,23,Made Shot,Driving Dunk Shot,2PT Field Goal,Restricted Area,Center(C),Less Than 8 ft.,1,5,10,1,1,20191125,ATL,MIN
25,Shot Chart Detail,0021900243,158,1628966,Keita Bates-Diop,1610612750,Minnesota Timberwolves,1,0,0,Missed Shot,Jump Shot,3PT Field Goal,Above the Break 3,Right Side Center(RC),24+ ft.,26,174,201,1,0,20191125,ATL,MIN
26,Shot Chart Detail,0021900243,295,1628966,Keita Bates-Diop,1610612750,Minnesota Timberwolves,2,4,16,Made Shot,Jump Shot,3PT Field Goal,Right Corner 3,Right Side(R),24+ ft.,22,224,29,1,1,20191125,ATL,MIN
27,Shot Chart Detail,0021900243,314,1628966,Keita Bates-Diop,1610612750,Minnesota Timberwolves,2,3,28,Missed Shot,Jump Shot,3PT Field Goal,Left Corner 3,Left Side(L),24+ ft.,22,-226,9,1,0,20191125,ATL,MIN
28,Shot Chart Detail,0021900243,547,1628966,Keita Bates-Diop,1610612750,Minnesota Timberwolves,3,0,52,Missed Shot,Running Layup Shot,2PT Field Goal,Restricted Area,Center(C),Less Than 8 ft.,2,-3,25,1,0,20191125,ATL,MIN
29,Shot Chart Detail,0021900243,703,1628966,Keita Bates-Diop,1610612750,Minnesota Timberwolves,4,4,12,Made Shot,Putback Layup Shot,2PT Field Goal,Restricted Area,Center(C),Less Than 8 ft.,0,-5,2,1,1,20191125,ATL,MIN
30,Shot Chart Detail,0021900243,718,1628966,Keita Bates-Diop,1610612750,Minnesota Timberwolves,4,3,24,Made Shot,Jump Shot,3PT Field Goal,Left Corner 3,Left Side(L),24+ ft.,22,-224,23,1,1,20191125,ATL,MIN
31,Shot Chart Detail,0021900243,741,1628966,Keita Bates-Diop,1610612750,Minnesota Timberwolves,4,1,44,Made Shot,Layup Shot,2PT Field Goal,Restricted Area,Center(C),Less Than 8 ft.,2,21,11,1,1,20191125,ATL,MIN
32,Shot Chart Detail,0021900262,108,1628966,Keita Bates-Diop,1610612750,Minnesota Timberwolves,1,4,26,Missed Shot,Layup Shot,2PT Field Goal,Restricted Area,Center(C),Less Than 8 ft.,2,-4,24,1,0,20191127,SAS,MIN
33,Shot Chart Detail,0021900262,145,1628966,Keita Bates-Diop,1610612750,Minnesota Timberwolves,1,1,0,Missed Shot,Jump Shot,3PT Field Goal,Right Corner 3,Right Side(R),24+ ft.,23,234,-5,1,0,20191127,SAS,MIN
34,Shot Chart Detail,0021900262,152,1628966,Keita Bates-Diop,1610612750,Minnesota Timberwolves,1,0,47,Made Shot,Putback Layup Shot,2PT Field Goal,Restricted Area,Center(C),Less Than 8 ft.,0,0,-6,1,1,20191127,SAS,MIN
35,Shot Chart Detail,0021900262,188,1628966,Keita Bates-Diop,1610612750,Minnesota Timberwolves,2,9,48,Made Shot,Jump Shot,3PT Field Goal,Above the Break 3,Left Side Center(LC),24+ ft.,25,-179,180,1,1,20191127,SAS,MIN
36,Shot Chart Detail,0021900262,237,1628966,Keita Bates-Diop,1610612750,Minnesota Timberwolves,2,6,16,Made Shot,Jump Shot,3PT Field Goal,Above the Break 3,Left Side Center(LC),24+ ft.,25,-162,192,1,1,20191127,SAS,MIN
37,Shot Chart Detail,0021900262,467,1628966,Keita Bates-Diop,1610612750,Minnesota Timberwolves,3,5,16,Made Shot,Jump Shot,3PT Field Goal,Above the Break 3,Left Side Center(LC),24+ ft.,26,-210,155,1,1,20191127,SAS,MIN
38,Shot Chart Detail,0021900262,521,1628966,Keita Bates-Diop,1610612750,Minnesota Timberwolves,3,0,28,Missed Shot,Jump Shot,3PT Field Goal,Right Corner 3,Right Side(R),24+ ft.,23,231,12,1,0,20191127,SAS,MIN
39,Shot Chart Detail,0021900262,533,1628966,Keita Bates-Diop,1610612750,Minnesota Timberwolves,4,11,40,Made Shot,Cutting Finger Roll Layup Shot,2PT Field Goal,Restricted Area,Center(C),Less Than 8 ft.,1,2,13,1,1,20191127,SAS,MIN
40,Shot Chart Detail,0021900262,668,1628966,Keita Bates-Diop,1610612750,Minnesota Timberwolves,4,1,29,Made Shot,Jump Shot,3PT Field Goal,Left Corner 3,Left Side(L),24+ ft.,24,-240,21,1,1,20191127,SAS,MIN
41,Shot Chart Detail,0021900286,148,1628966,Keita Bates-Diop,1610612750,Minnesota Timberwolves,1,0,49,Made Shot,Cutting Layup Shot,2PT Field Goal,Restricted Area,Center(C),Less Than 8 ft.,1,9,7,1,1,20191201,MIN,MEM
42,Shot Chart Detail,0021900286,185,1628966,Keita Bates-Diop,1610612750,Minnesota Timberwolves,2,9,58,Missed Shot,Layup Shot,2PT Field Goal,Restricted Area,Center(C),Less Than 8 ft.,1,-7,15,1,0,20191201,MIN,MEM
43,Shot Chart Detail,0021900286,252,1628966,Keita Bates-Diop,1610612750,Minnesota Timberwolves,2,6,42,Made Shot,Cutting Dunk Shot,2PT Field Goal,Restricted Area,Center(C),Less Than 8 ft.,0,2,-1,1,1,20191201,MIN,MEM
44,Shot Chart Detail,0021900286,265,1628966,Keita Bates-Diop,1610612750,Minnesota Timberwolves,2,5,41,Missed Shot,Driving Layup Shot,2PT Field Goal,Restricted Area,Center(C),Less Than 8 ft.,0,2,-4,1,0,20191201,MIN,MEM
45,Shot Chart Detail,0021900286,492,1628966,Keita Bates-Diop,1610612750,Minnesota Timberwolves,3,4,18,Made Shot,Jump Shot,3PT Field Goal,Right Corner 3,Right Side(R),24+ ft.,23,236,26,1,1,20191201,MIN,MEM
46,Shot Chart Detail,0021900286,527,1628966,Keita Bates-Diop,1610612750,Minnesota Timberwolves,3,2,30,Missed Shot,Floating Jump shot,2PT Field Goal,Mid-Range,Right Side(R),8-16 ft.,8,84,15,1,0,20191201,MIN,MEM
47,Shot Chart Detail,0021900286,706,1628966,Keita Bates-Diop,1610612750,Minnesota Timberwolves,4,3,24,Made Shot,Jump Shot,3PT Field Goal,Right Corner 3,Right Side(R),24+ ft.,23,235,4,1,1,20191201,MIN,MEM
48,Shot Chart Detail,0021900313,462,1628966,Keita Bates-Diop,1610612750,Minnesota Timberwolves,3,2,31,Made Shot,Jump Shot,3PT Field Goal,Right Corner 3,Right Side(R),24+ ft.,23,230,4,1,1,20191204,DAL,MIN
49,Shot Chart Detail,0021900313,567,1628966,Keita Bates-Diop,1610612750,Minnesota Timberwolves,4,7,55,Made Shot,Jump Shot,3PT Field Goal,Above the Break 3,Left Side Center(LC),24+ ft.,25,-170,189,1,1,20191204,DAL,MIN
50,Shot Chart Detail,0021900313,583,1628966,Keita Bates-Diop,1610612750,Minnesota Timberwolves,4,6,12,Made Shot,Layup Shot,2PT Field Goal,Restricted Area,Center(C),Less Than 8 ft.,1,9,12,1,1,20191204,DAL,MIN
51,Shot Chart Detail,0021900326,115,1628966,Keita Bates-Diop,1610612750,Minnesota Timberwolves,1,1,37,Missed Shot,Jump Shot,3PT Field Goal,Right Corner 3,Right Side(R),24+ ft.,22,227,-1,1,0,20191206,OKC,MIN
52,Shot Chart Detail,0021900326,563,1628966,Keita Bates-Diop,1610612750,Minnesota Timberwolves,2,11,36,Missed Shot,Pullup Jump shot,2PT Field Goal,In The Paint (Non-RA),Left Side(L),8-16 ft.,10,-63,81,1,0,20191206,OKC,MIN
53,Shot Chart Detail,0021900326,143,1628966,Keita Bates-Diop,1610612750,Minnesota Timberwolves,2,11,29,Missed Shot,Layup Shot,2PT Field Goal,In The Paint (Non-RA),Center(C),Less Than 8 ft.,5,0,55,1,0,20191206,OKC,MIN
54,Shot Chart Detail,0021900326,201,1628966,Keita Bates-Diop,1610612750,Minnesota Timberwolves,2,7,5,Missed Shot,Jump Shot,3PT Field Goal,Above the Break 3,Left Side Center(LC),24+ ft.,25,-120,226,1,0,20191206,OKC,MIN
55,Shot Chart Detail,0021900326,486,1628966,Keita Bates-Diop,1610612750,Minnesota Timberwolves,3,1,3,Missed Shot,Running Jump Shot,3PT Field Goal,Above the Break 3,Right Side Center(RC),24+ ft.,25,232,94,1,0,20191206,OKC,MIN
56,Shot Chart Detail,0021900326,507,1628966,Keita Bates-Diop,1610612750,Minnesota Timberwolves,3,0,13,Missed Shot,Driving Layup Shot,2PT Field Goal,In The Paint (Non-RA),Center(C),Less Than 8 ft.,4,-40,3,1,0,20191206,OKC,MIN
57,Shot Chart Detail,0021900326,579,1628966,Keita Bates-Diop,1610612750,Minnesota Timberwolves,4,7,29,Missed Shot,Jump Shot,3PT Field Goal,Right Corner 3,Right Side(R),24+ ft.,23,231,26,1,0,20191206,OKC,MIN
58,Shot Chart Detail,0021900342,169,1628966,Keita Bates-Diop,1610612750,Minnesota Timberwolves,2,10,48,Made Shot,Jump Shot,3PT Field Goal,Above the Break 3,Center(C),24+ ft.,25,67,242,1,1,20191208,LAL,MIN
59,Shot Chart Detail,0021900342,470,1628966,Keita Bates-Diop,1610612750,Minnesota Timberwolves,3,2,32,Made Shot,Jump Shot,3PT Field Goal,Left Corner 3,Left Side(L),24+ ft.,23,-234,-5,1,1,20191208,LAL,MIN
60,Shot Chart Detail,0021900342,499,1628966,Keita Bates-Diop,1610612750,Minnesota Timberwolves,3,0,44,Made Shot,Driving Layup Shot,2PT Field Goal,Restricted Area,Center(C),Less Than 8 ft.,1,9,17,1,1,20191208,LAL,MIN
61,Shot Chart Detail,0021900342,647,1628966,Keita Bates-Diop,1610612750,Minnesota Timberwolves,4,2,38,Made Shot,Floating Jump shot,2PT Field Goal,In The Paint (Non-RA),Center(C),8-16 ft.,12,9,126,1,1,20191208,LAL,MIN
62,Shot Chart Detail,0021900342,668,1628966,Keita Bates-Diop,1610612750,Minnesota Timberwolves,4,0,26,Missed Shot,Jump Shot,3PT Field Goal,Above the Break 3,Right Side Center(RC),24+ ft.,26,133,234,1,0,20191208,LAL,MIN
63,Shot Chart Detail,0021900349,178,1628966,Keita Bates-Diop,1610612750,Minnesota Timberwolves,2,10,58,Missed Shot,Cutting Layup Shot,2PT Field Goal,Restricted Area,Center(C),Less Than 8 ft.,0,8,3,1,0,20191209,PHX,MIN
64,Shot Chart Detail,0021900349,574,1628966,Keita Bates-Diop,1610612750,Minnesota Timberwolves,4,8,12,Missed Shot,Driving Layup Shot,2PT Field Goal,Restricted Area,Center(C),Less Than 8 ft.,1,15,10,1,0,20191209,PHX,MIN
65,Shot Chart Detail,0021900349,696,1628966,Keita Bates-Diop,1610612750,Minnesota Timberwolves,4,0,42,Made Shot,Driving Layup Shot,2PT Field Goal,Restricted Area,Center(C),Less Than 8 ft.,0,-6,4,1,1,20191209,PHX,MIN
66,Shot Chart Detail,0021900349,703,1628966,Keita Bates-Diop,1610612750,Minnesota Timberwolves,4,0,14,Missed Shot,Floating Jump shot,2PT Field Goal,In The Paint (Non-RA),Center(C),8-16 ft.,12,-1,125,1,0,20191209,PHX,MIN
67,Shot Chart Detail,0021900377,182,1628966,Keita Bates-Diop,1610612750,Minnesota Timberwolves,2,10,3,Missed Shot,Jump Shot,3PT Field Goal,Above the Break 3,Left Side Center(LC),24+ ft.,24,-149,199,1,0,20191213,MIN,LAC
68,Shot Chart Detail,0021900411,108,1628966,Keita Bates-Diop,1610612750,Minnesota Timberwolves,1,4,18,Missed Shot,Driving Layup Shot,2PT Field Goal,Restricted Area,Center(C),Less Than 8 ft.,1,-14,14,1,0,20191218,MIN,NOP
69,Shot Chart Detail,0021900411,138,1628966,Keita Bates-Diop,1610612750,Minnesota Timberwolves,1,2,11,Missed Shot,Jump Shot,3PT Field Goal,Above the Break 3,Right Side Center(RC),24+ ft.,26,99,242,1,0,20191218,MIN,NOP
70,Shot Chart Detail,0021900411,429,1628966,Keita Bates-Diop,1610612750,Minnesota Timberwolves,3,6,24,Missed Shot,Jump Shot,3PT Field Goal,Above the Break 3,Center(C),24+ ft.,27,-54,265,1,0,20191218,MIN,NOP
71,Shot Chart Detail,0021900411,443,1628966,Keita Bates-Diop,1610612750,Minnesota Timberwolves,3,5,23,Made Shot,Cutting Layup Shot,2PT Field Goal,Restricted Area,Center(C),Less Than 8 ft.,1,6,12,1,1,20191218,MIN,NOP
72,Shot Chart Detail,0021900411,447,1628966,Keita Bates-Diop,1610612750,Minnesota Timberwolves,3,4,53,Missed Shot,Jump Shot,2PT Field Goal,In The Paint (Non-RA),Center(C),8-16 ft.,12,-7,125,1,0,20191218,MIN,NOP
73,Shot Chart Detail,0021900411,528,1628966,Keita Bates-Diop,1610612750,Minnesota Timberwolves,3,0,0,Missed Shot,Layup Shot,2PT Field Goal,Restricted Area,Center(C),Less Than 8 ft.,1,-3,12,1,0,20191218,MIN,NOP
74,Shot Chart Detail,0021900427,118,1628966,Keita Bates-Diop,1610612750,Minnesota Timberwolves,1,2,24,Made Shot,Putback Layup Shot,2PT Field Goal,Restricted Area,Center(C),Less Than 8 ft.,2,9,20,1,1,20191220,DEN,MIN
75,Shot Chart Detail,0021900427,134,1628966,Keita Bates-Diop,1610612750,Minnesota Timberwolves,1,1,43,Missed Shot,Jump Shot,3PT Field Goal,Above the Break 3,Right Side Center(RC),24+ ft.,23,198,135,1,0,20191220,DEN,MIN
76,Shot Chart Detail,0021900427,140,1628966,Keita Bates-Diop,1610612750,Minnesota Timberwolves,1,1,24,Missed Shot,Jump Shot,3PT Field Goal,Left Corner 3,Left Side(L),24+ ft.,22,-221,-1,1,0,20191220,DEN,MIN
77,Shot Chart Detail,0021900427,155,1628966,Keita Bates-Diop,1610612750,Minnesota Timberwolves,1,0,30,Made Shot,Running Layup Shot,2PT Field Goal,Restricted Area,Center(C),Less Than 8 ft.,0,-4,0,1,1,20191220,DEN,MIN
78,Shot Chart Detail,0021900427,349,1628966,Keita Bates-Diop,1610612750,Minnesota Timberwolves,2,0,50,Missed Shot,Reverse Layup Shot,2PT Field Goal,Restricted Area,Center(C),Less Than 8 ft.,1,-16,9,1,0,20191220,DEN,MIN
79,Shot Chart Detail,0021900427,558,1628966,Keita Bates-Diop,1610612750,Minnesota Timberwolves,4,10,1,Made Shot,Jump Shot,3PT Field Goal,Left Corner 3,Left Side(L),24+ ft.,23,-231,53,1,1,20191220,DEN,MIN
80,Shot Chart Detail,0021900427,570,1628966,Keita Bates-Diop,1610612750,Minnesota Timberwolves,4,8,29,Missed Shot,Jump Shot,3PT Field Goal,Above the Break 3,Right Side Center(RC),24+ ft.,24,162,190,1,0,20191220,DEN,MIN
81,Shot Chart Detail,0021900427,574,1628966,Keita Bates-Diop,1610612750,Minnesota Timberwolves,4,7,45,Made Shot,Cutting Dunk Shot,2PT Field Goal,Restricted Area,Center(C),Less Than 8 ft.,1,-9,6,1,1,20191220,DEN,MIN
82,Shot Chart Detail,0021900438,188,1628966,Keita Bates-Diop,1610612750,Minnesota Timberwolves,2,10,45,Made Shot,Jump Shot,3PT Field Goal,Above the Break 3,Right Side Center(RC),24+ ft.,25,119,221,1,1,20191221,POR,MIN
83,Shot Chart Detail,0021900438,450,1628966,Keita Bates-Diop,1610612750,Minnesota Timberwolves,3,3,53,Missed Shot,Jump Shot,3PT Field Goal,Above the Break 3,Left Side Center(LC),24+ ft.,25,-176,190,1,0,20191221,POR,MIN
84,Shot Chart Detail,0021900438,478,1628966,Keita Bates-Diop,1610612750,Minnesota Timberwolves,3,1,43,Missed Shot,Driving Floating Bank Jump Shot,2PT Field Goal,Restricted Area,Center(C),Less Than 8 ft.,2,-18,10,1,0,20191221,POR,MIN
85,Shot Chart Detail,0021900438,524,1628966,Keita Bates-Diop,1610612750,Minnesota Timberwolves,4,10,2,Missed Shot,Driving Layup Shot,2PT Field Goal,Restricted Area,Center(C),Less Than 8 ft.,2,-1,28,1,0,20191221,POR,MIN
86,Shot Chart Detail,0021900454,146,1628966,Keita Bates-Diop,1610612750,Minnesota Timberwolves,1,1,31,Made Shot,Jump Shot,3PT Field Goal,Above the Break 3,Left Side Center(LC),24+ ft.,26,-184,193,1,1,20191223,GSW,MIN
87,Shot Chart Detail,0021900454,192,1628966,Keita Bates-Diop,1610612750,Minnesota Timberwolves,2,10,30,Made Shot,Jump Shot,2PT Field Goal,In The Paint (Non-RA),Center(C),Less Than 8 ft.,5,-3,53,1,1,20191223,GSW,MIN
88,Shot Chart Detail,0021900454,213,1628966,Keita Bates-Diop,1610612750,Minnesota Timberwolves,2,9,2,Missed Shot,Jump Shot,3PT Field Goal,Above the Break 3,Center(C),24+ ft.,26,-15,263,1,0,20191223,GSW,MIN
89,Shot Chart Detail,0021900454,339,1628966,Keita Bates-Diop,1610612750,Minnesota Timberwolves,2,0,56,Made Shot,Running Layup Shot,2PT Field Goal,Restricted Area,Center(C),Less Than 8 ft.,1,16,10,1,1,20191223,GSW,MIN
90,Shot Chart Detail,0021900464,104,1628966,Keita Bates-Diop,1610612750,Minnesota Timberwolves,1,3,50,Missed Shot,Jump Shot,3PT Field Goal,Right Corner 3,Right Side(R),24+ ft.,22,225,15,1,0,20191226,SAC,MIN
91,Shot Chart Detail,0021900464,190,1628966,Keita Bates-Diop,1610612750,Minnesota Timberwolves,2,9,34,Missed Shot,Jump Shot,2PT Field Goal,In The Paint (Non-RA),Center(C),8-16 ft.,8,38,79,1,0,20191226,SAC,MIN
92,Shot Chart Detail,0021900464,372,1628966,Keita Bates-Diop,1610612750,Minnesota Timberwolves,3,8,59,Missed Shot,Jump Shot,3PT Field Goal,Above the Break 3,Right Side Center(RC),24+ ft.,26,213,150,1,0,20191226,SAC,MIN
93,Shot Chart Detail,0021900464,398,1628966,Keita Bates-Diop,1610612750,Minnesota Timberwolves,3,7,9,Missed Shot,Jump Shot,3PT Field Goal,Above the Break 3,Center(C),24+ ft.,26,-38,260,1,0,20191226,SAC,MIN
94,Shot Chart Detail,0021900464,412,1628966,Keita Bates-Diop,1610612750,Minnesota Timberwolves,3,6,2,Missed Shot,Floating Jump shot,2PT Field Goal,In The Paint (Non-RA),Center(C),Less Than 8 ft.,5,-11,53,1,0,20191226,SAC,MIN
95,Shot Chart Detail,0021900464,414,1628966,Keita Bates-Diop,1610612750,Minnesota Timberwolves,3,5,58,Missed Shot,Tip Layup Shot,2PT Field Goal,Restricted Area,Center(C),Less Than 8 ft.,0,0,-6,1,0,20191226,SAC,MIN
96,Shot Chart Detail,0021900479,100,1628966,Keita Bates-Diop,1610612750,Minnesota Timberwolves,1,3,48,Missed Shot,Jump Shot,3PT Field Goal,Above the Break 3,Left Side Center(LC),24+ ft.,26,-154,211,1,0,20191228,MIN,CLE
97,Shot Chart Detail,0021900479,146,1628966,Keita Bates-Diop,1610612750,Minnesota Timberwolves,1,0,36,Made Shot,Running Layup Shot,2PT Field Goal,Restricted Area,Center(C),Less Than 8 ft.,0,6,-4,1,1,20191228,MIN,CLE
98,Shot Chart Detail,0021900479,510,1628966,Keita Bates-Diop,1610612750,Minnesota Timberwolves,3,2,4,Missed Shot,Jump Shot,3PT Field Goal,Left Corner 3,Left Side(L),24+ ft.,23,-234,-20,1,0,20191228,MIN,CLE
99,Shot Chart Detail,0021900479,519,1628966,Keita Bates-Diop,1610612750,Minnesota Timberwolves,3,1,41,Made Shot,Reverse Layup Shot,2PT Field Goal,Restricted Area,Center(C),Less Than 8 ft.,3,24,24,1,1,20191228,MIN,CLE
100,Shot Chart Detail,0021900494,142,1628966,Keita Bates-Diop,1610612750,Minnesota Timberwolves,1,1,37,Made Shot,Layup Shot,2PT Field Goal,Restricted Area,Center(C),Less Than 8 ft.,1,4,10,1,1,20191230,MIN,BKN
101,Shot Chart Detail,0021900494,164,1628966,Keita Bates-Diop,1610612750,Minnesota Timberwolves,1,0,0,Made Shot,Jump Shot,3PT Field Goal,Above the Break 3,Left Side Center(LC),24+ ft.,25,-128,223,1,1,20191230,MIN,BKN
102,Shot Chart Detail,0021900494,276,1628966,Keita Bates-Diop,1610612750,Minnesota Timberwolves,2,4,18,Missed Shot,Jump Shot,3PT Field Goal,Above the Break 3,Right Side Center(RC),24+ ft.,25,145,215,1,0,20191230,MIN,BKN
103,Shot Chart Detail,0021900494,326,1628966,Keita Bates-Diop,1610612750,Minnesota Timberwolves,2,0,42,Made Shot,Tip Layup Shot,2PT Field Goal,Restricted Area,Center(C),Less Than 8 ft.,0,0,-6,1,1,20191230,MIN,BKN
104,Shot Chart Detail,0021900494,403,1628966,Keita Bates-Diop,1610612750,Minnesota Timberwolves,3,7,45,Missed Shot,Jump Shot,3PT Field Goal,Above the Break 3,Left Side Center(LC),24+ ft.,24,-158,193,1,0,20191230,MIN,BKN
105,Shot Chart Detail,0021900494,423,1628966,Keita Bates-Diop,1610612750,Minnesota Timberwolves,3,6,34,Missed Shot,Jump Shot,2PT Field Goal,In The Paint (Non-RA),Center(C),8-16 ft.,8,-16,80,1,0,20191230,MIN,BKN
106,Shot Chart Detail,0021900494,622,1628966,Keita Bates-Diop,1610612750,Minnesota Timberwolves,4,4,41,Missed Shot,Turnaround Jump Shot,2PT Field Goal,In The Paint (Non-RA),Center(C),8-16 ft.,10,16,108,1,0,20191230,MIN,BKN
107,Shot Chart Detail,0021900494,624,1628966,Keita Bates-Diop,1610612750,Minnesota Timberwolves,4,4,39,Made Shot,Putback Layup Shot,2PT Field Goal,Restricted Area,Center(C),Less Than 8 ft.,0,2,6,1,1,20191230,MIN,BKN
108,Shot Chart Detail,0021900506,112,1628966,Keita Bates-Diop,1610612750,Minnesota Timberwolves,1,3,36,Missed Shot,Jump Shot,3PT Field Goal,Above the Break 3,Left Side Center(LC),24+ ft.,28,-169,228,1,0,20200101,MIL,MIN
109,Shot Chart Detail,0021900506,181,1628966,Keita Bates-Diop,1610612750,Minnesota Timberwolves,2,11,46,Made Shot,Jump Shot,3PT Field Goal,Left Corner 3,Left Side(L),24+ ft.,22,-228,21,1,1,20200101,MIL,MIN
110,Shot Chart Detail,0021900506,203,1628966,Keita Bates-Diop,1610612750,Minnesota Timberwolves,2,10,6,Made Shot,Jump Shot,3PT Field Goal,Above the Break 3,Center(C),24+ ft.,27,0,277,1,1,20200101,MIL,MIN
111,Shot Chart Detail,0021900506,233,1628966,Keita Bates-Diop,1610612750,Minnesota Timberwolves,2,8,33,Missed Shot,Cutting Layup Shot,2PT Field Goal,Restricted Area,Center(C),Less Than 8 ft.,2,9,20,1,0,20200101,MIL,MIN
112,Shot Chart Detail,0021900506,462,1628966,Keita Bates-Diop,1610612750,Minnesota Timberwolves,3,6,20,Missed Shot,Jump Shot,3PT Field Goal,Above the Break 3,Left Side Center(LC),24+ ft.,25,-151,209,1,0,20200101,MIL,MIN
113,Shot Chart Detail,0021900506,474,1628966,Keita Bates-Diop,1610612750,Minnesota Timberwolves,3,5,24,Missed Shot,Driving Floating Jump Shot,2PT Field Goal,In The Paint (Non-RA),Center(C),Less Than 8 ft.,5,-24,51,1,0,20200101,MIL,MIN
114,Shot Chart Detail,0021900506,503,1628966,Keita Bates-Diop,1610612750,Minnesota Timberwolves,3,2,58,Made Shot,Driving Layup Shot,2PT Field Goal,Restricted Area,Center(C),Less Than 8 ft.,0,0,8,1,1,20200101,MIL,MIN
115,Shot Chart Detail,0021900506,546,1628966,Keita Bates-Diop,1610612750,Minnesota Timberwolves,3,0,0,Missed Shot,Jump Shot,2PT Field Goal,Mid-Range,Right Side Center(RC),16-24 ft.,20,68,197,1,0,20200101,MIL,MIN
116,Shot Chart Detail,0021900506,566,1628966,Keita Bates-Diop,1610612750,Minnesota Timberwolves,4,10,59,Missed Shot,Jump Shot,3PT Field Goal,Right Corner 3,Right Side(R),24+ ft.,23,230,20,1,0,20200101,MIL,MIN
117,Shot Chart Detail,0021900512,135,1628966,Keita Bates-Diop,1610612750,Minnesota Timberwolves,1,1,24,Missed Shot,Driving Layup Shot,2PT Field Goal,Restricted Area,Center(C),Less Than 8 ft.,1,-13,15,1,0,20200102,MIN,GSW
118,Shot Chart Detail,0021900512,155,1628966,Keita Bates-Diop,1610612750,Minnesota Timberwolves,1,0,1,Missed Shot,Driving Reverse Layup Shot,2PT Field Goal,Restricted Area,Center(C),Less Than 8 ft.,1,-15,4,1,0,20200102,MIN,GSW
119,Shot Chart Detail,0021900512,199,1628966,Keita Bates-Diop,1610612750,Minnesota Timberwolves,2,9,50,Made Shot,Cutting Dunk Shot,2PT Field Goal,Restricted Area,Center(C),Less Than 8 ft.,1,-11,13,1,1,20200102,MIN,GSW
120,Shot Chart Detail,0021900512,214,1628966,Keita Bates-Diop,1610612750,Minnesota Timberwolves,2,8,50,Missed Shot,Turnaround Hook Shot,2PT Field Goal,In The Paint (Non-RA),Center(C),Less Than 8 ft.,6,-10,69,1,0,20200102,MIN,GSW
121,Shot Chart Detail,0021900512,466,1628966,Keita Bates-Diop,1610612750,Minnesota Timberwolves,3,3,2,Made Shot,Jump Shot,3PT Field Goal,Left Corner 3,Left Side(L),24+ ft.,23,-235,13,1,1,20200102,MIN,GSW
122,Shot Chart Detail,0021900512,469,1628966,Keita Bates-Diop,1610612750,Minnesota Timberwolves,3,2,40,Made Shot,Driving Layup Shot,2PT Field Goal,In The Paint (Non-RA),Center(C),Less Than 8 ft.,4,-20,36,1,1,20200102,MIN,GSW
123,Shot Chart Detail,0021900512,542,1628966,Keita Bates-Diop,1610612750,Minnesota Timberwolves,4,9,27,Missed Shot,Jump Shot,3PT Field Goal,Above the Break 3,Left Side Center(LC),24+ ft.,25,-171,191,1,0,20200102,MIN,GSW
124,Shot Chart Detail,0021900512,582,1628966,Keita Bates-Diop,1610612750,Minnesota Timberwolves,4,6,8,Missed Shot,Layup Shot,2PT Field Goal,Restricted Area,Center(C),Less Than 8 ft.,2,9,21,1,0,20200102,MIN,GSW
125,Shot Chart Detail,0021900512,662,1628966,Keita Bates-Diop,1610612750,Minnesota Timberwolves,4,0,50,Missed Shot,Hook Shot,2PT Field Goal,Mid-Range,Left Side(L),8-16 ft.,9,-81,41,1,0,20200102,MIN,GSW
126,Shot Chart Detail,0021900536,170,1628966,Keita Bates-Diop,1610612750,Minnesota Timberwolves,2,9,27,Missed Shot,Jump Shot,3PT Field Goal,Above the Break 3,Center(C),24+ ft.,26,-53,257,1,0,20200105,CLE,MIN
127,Shot Chart Detail,0021900536,180,1628966,Keita Bates-Diop,1610612750,Minnesota Timberwolves,2,8,57,Missed Shot,Driving Floating Jump Shot,2PT Field Goal,Restricted Area,Center(C),Less Than 8 ft.,1,16,-5,1,0,20200105,CLE,MIN
128,Shot Chart Detail,0021900536,482,1628966,Keita Bates-Diop,1610612750,Minnesota Timberwolves,3,0,0,Missed Shot,Fadeaway Jump Shot,2PT Field Goal,Mid-Range,Right Side(R),16-24 ft.,16,157,57,1,0,20200105,CLE,MIN
129,Shot Chart Detail,0021900551,221,1628966,Keita Bates-Diop,1610612750,Minnesota Timberwolves,2,8,31,Missed Shot,Driving Floating Bank Jump Shot,2PT Field Goal,Restricted Area,Center(C),Less Than 8 ft.,1,16,8,1,0,20200107,MEM,MIN
130,Shot Chart Detail,0021900551,283,1628966,Keita Bates-Diop,1610612750,Minnesota Timberwolves,2,4,35,Made Shot,Running Finger Roll Layup Shot,2PT Field Goal,Restricted Area,Center(C),Less Than 8 ft.,0,4,2,1,1,20200107,MEM,MIN
131,Shot Chart Detail,0021900551,498,1628966,Keita Bates-Diop,1610612750,Minnesota Timberwolves,3,1,31,Missed Shot,Jump Shot,3PT Field Goal,Above the Break 3,Left Side Center(LC),24+ ft.,24,-189,156,1,0,20200107,MEM,MIN
132,Shot Chart Detail,0021900551,508,1628966,Keita Bates-Diop,1610612750,Minnesota Timberwolves,3,0,29,Missed Shot,Jump Shot,3PT Field Goal,Above the Break 3,Right Side Center(RC),24+ ft.,26,100,247,1,0,20200107,MEM,MIN
133,Shot Chart Detail,0021900551,597,1628966,Keita Bates-Diop,1610612750,Minnesota Timberwolves,4,6,28,Missed Shot,Jump Shot,3PT Field Goal,Above the Break 3,Right Side Center(RC),24+ ft.,28,147,242,1,0,20200107,MEM,MIN
134,Shot Chart Detail,0021900565,179,1628966,Keita Bates-Diop,1610612750,Minnesota Timberwolves,1,0,12,Missed Shot,Jump Shot,3PT Field Goal,Above the Break 3,Right Side Center(RC),24+ ft.,24,224,108,1,0,20200109,MIN,POR
135,Shot Chart Detail,0021900565,181,1628966,Keita Bates-Diop,1610612750,Minnesota Timberwolves,1,0,6,Made Shot,Cutting Dunk Shot,2PT Field Goal,Restricted Area,Center(C),Less Than 8 ft.,0,3,9,1,1,20200109,MIN,POR
136,Shot Chart Detail,0021900565,189,1628966,Keita Bates-Diop,1610612750,Minnesota Timberwolves,2,11,49,Made Shot,Cutting Layup Shot,2PT Field Goal,Restricted Area,Center(C),Less Than 8 ft.,1,2,11,1,1,20200109,MIN,POR
137,Shot Chart Detail,0021900565,197,1628966,Keita Bates-Diop,1610612750,Minnesota Timberwolves,2,10,58,Made Shot,Jump Shot,3PT Field Goal,Right Corner 3,Right Side(R),24+ ft.,23,230,31,1,1,20200109,MIN,POR
138,Shot Chart Detail,0021900565,553,1628966,Keita Bates-Diop,1610612750,Minnesota Timberwolves,4,11,9,Made Shot,Cutting Layup Shot,2PT Field Goal,Restricted Area,Center(C),Less Than 8 ft.,1,0,13,1,1,20200109,MIN,POR
139,Shot Chart Detail,0021900565,564,1628966,Keita Bates-Diop,1610612750,Minnesota Timberwolves,4,10,16,Made Shot,Reverse Layup Shot,2PT Field Goal,Restricted Area,Center(C),Less Than 8 ft.,1,13,15,1,1,20200109,MIN,POR
140,Shot Chart Detail,0021900565,566,1628966,Keita Bates-Diop,1610612750,Minnesota Timberwolves,4,9,40,Missed Shot,Driving Floating Jump Shot,2PT Field Goal,In The Paint (Non-RA),Center(C),Less Than 8 ft.,6,16,65,1,0,20200109,MIN,POR
141,Shot Chart Detail,0021900565,640,1628966,Keita Bates-Diop,1610612750,Minnesota Timberwolves,4,3,49,Missed Shot,Jump Shot,3PT Field Goal,Right Corner 3,Right Side(R),24+ ft.,23,230,8,1,0,20200109,MIN,POR
142,Shot Chart Detail,0021900565,678,1628966,Keita Bates-Diop,1610612750,Minnesota Timberwolves,4,1,20,Missed Shot,Jump Shot,3PT Field Goal,Left Corner 3,Left Side(L),24+ ft.,24,-230,69,1,0,20200109,MIN,POR
143,Shot Chart Detail,0021900577,176,1628966,Keita Bates-Diop,1610612750,Minnesota Timberwolves,1,0,29,Made Shot,Cutting Layup Shot,2PT Field Goal,Restricted Area,Center(C),Less Than 8 ft.,0,8,4,1,1,20200111,HOU,MIN
144,Shot Chart Detail,0021900577,200,1628966,Keita Bates-Diop,1610612750,Minnesota Timberwolves,2,10,36,Missed Shot,Driving Layup Shot,2PT Field Goal,Restricted Area,Center(C),Less Than 8 ft.,3,13,30,1,0,20200111,HOU,MIN
145,Shot Chart Detail,0021900577,565,1628966,Keita Bates-Diop,1610612750,Minnesota Timberwolves,3,0,2,Made Shot,Jump Shot,3PT Field Goal,Above the Break 3,Left Side Center(LC),24+ ft.,25,-206,155,1,1,20200111,HOU,MIN
146,Shot Chart Detail,0021900577,577,1628966,Keita Bates-Diop,1610612750,Minnesota Timberwolves,4,11,3,Missed Shot,Jump Shot,3PT Field Goal,Above the Break 3,Right Side Center(RC),24+ ft.,25,196,162,1,0,20200111,HOU,MIN
147,Shot Chart Detail,0021900577,688,1628966,Keita Bates-Diop,1610612750,Minnesota Timberwolves,4,4,34,Missed Shot,Jump Shot,3PT Field Goal,Left Corner 3,Left Side(L),24+ ft.,23,-230,6,1,0,20200111,HOU,MIN
148,Shot Chart Detail,0021900594,194,1628966,Keita Bates-Diop,1610612750,Minnesota Timberwolves,2,9,44,Made Shot,Reverse Layup Shot,2PT Field Goal,Restricted Area,Center(C),Less Than 8 ft.,0,-4,6,1,1,20200113,MIN,OKC
149,Shot Chart Detail,0021900594,234,1628966,Keita Bates-Diop,1610612750,Minnesota Timberwolves,2,7,16,Missed Shot,Driving Layup Shot,2PT Field Goal,In The Paint (Non-RA),Center(C),Less Than 8 ft.,4,12,47,1,0,20200113,MIN,OKC
150,Shot Chart Detail,0021900594,269,1628966,Keita Bates-Diop,1610612750,Minnesota Timberwolves,2,5,3,Missed Shot,Running Layup Shot,2PT Field Goal,Restricted Area,Center(C),Less Than 8 ft.,1,13,13,1,0,20200113,MIN,OKC
151,Shot Chart Detail,0021900594,469,1628966,Keita Bates-Diop,1610612750,Minnesota Timberwolves,3,1,25,Missed Shot,Jump Shot,3PT Field Goal,Above the Break 3,Left Side Center(LC),24+ ft.,25,-175,181,1,0,20200113,MIN,OKC
152,Shot Chart Detail,0021900594,474,1628966,Keita Bates-Diop,1610612750,Minnesota Timberwolves,3,0,53,Missed Shot,Driving Layup Shot,2PT Field Goal,In The Paint (Non-RA),Center(C),Less Than 8 ft.,5,-11,53,1,0,20200113,MIN,OKC
153,Shot Chart Detail,0021900608,151,1628966,Keita Bates-Diop,1610612750,Minnesota Timberwolves,1,0,51,Missed Shot,Floating Jump shot,2PT Field Goal,In The Paint (Non-RA),Center(C),Less Than 8 ft.,7,-24,72,1,0,20200115,MIN,IND
154,Shot Chart Detail,0021900608,153,1628966,Keita Bates-Diop,1610612750,Minnesota Timberwolves,1,0,49,Made Shot,Putback Layup Shot,2PT Field Goal,Restricted Area,Center(C),Less Than 8 ft.,1,-13,-7,1,1,20200115,MIN,IND
155,Shot Chart Detail,0021900608,203,1628966,Keita Bates-Diop,1610612750,Minnesota Timberwolves,2,8,1,Made Shot,Pullup Jump shot,2PT Field Goal,In The Paint (Non-RA),Center(C),8-16 ft.,9,34,90,1,1,20200115,MIN,IND
156,Shot Chart Detail,0021900608,219,1628966,Keita Bates-Diop,1610612750,Minnesota Timberwolves,2,6,23,Missed Shot,Floating Jump shot,2PT Field Goal,In The Paint (Non-RA),Center(C),8-16 ft.,13,0,136,1,0,20200115,MIN,IND
157,Shot Chart Detail,0021900608,423,1628966,Keita Bates-Diop,1610612750,Minnesota Timberwolves,3,3,35,Made Shot,Jump Shot,3PT Field Goal,Above the Break 3,Center(C),24+ ft.,26,-63,254,1,1,20200115,MIN,IND
158,Shot Chart Detail,0021900608,427,1628966,Keita Bates-Diop,1610612750,Minnesota Timberwolves,3,3,8,Missed Shot,Driving Layup Shot,2PT Field Goal,In The Paint (Non-RA),Center(C),Less Than 8 ft.,4,-20,38,1,0,20200115,MIN,IND
159,Shot Chart Detail,0021900608,451,1628966,Keita Bates-Diop,1610612750,Minnesota Timberwolves,3,1,33,Missed Shot,Driving Floating Jump Shot,2PT Field Goal,In The Paint (Non-RA),Center(C),Less Than 8 ft.,6,5,68,1,0,20200115,MIN,IND
160,Shot Chart Detail,0021900608,459,1628966,Keita Bates-Diop,1610612750,Minnesota Timberwolves,3,1,8,Missed Shot,Driving Floating Jump Shot,2PT Field Goal,In The Paint (Non-RA),Center(C),8-16 ft.,13,-62,125,1,0,20200115,MIN,IND
161,Shot Chart Detail,0021900608,495,1628966,Keita Bates-Diop,1610612750,Minnesota Timberwolves,4,10,24,Made Shot,Jump Shot,3PT Field Goal,Above the Break 3,Left Side Center(LC),24+ ft.,26,-149,225,1,1,20200115,MIN,IND
162,Shot Chart Detail,0021900608,522,1628966,Keita Bates-Diop,1610612750,Minnesota Timberwolves,4,7,49,Missed Shot,Jump Shot,3PT Field Goal,Left Corner 3,Left Side(L),24+ ft.,22,-226,16,1,0,20200115,MIN,IND
163,Shot Chart Detail,0021900619,424,1628966,Keita Bates-Diop,1610612750,Minnesota Timberwolves,3,3,19,Missed Shot,Jump Shot,3PT Field Goal,Above the Break 3,Right Side Center(RC),24+ ft.,26,112,243,1,0,20200117,IND,MIN
164,Shot Chart Detail,0021900619,505,1628966,Keita Bates-Diop,1610612750,Minnesota Timberwolves,4,9,25,Missed Shot,Driving Floating Jump Shot,2PT Field Goal,In The Paint (Non-RA),Left Side(L),8-16 ft.,8,-47,65,1,0,20200117,IND,MIN
165,Shot Chart Detail,0021900632,145,1628966,Keita Bates-Diop,1610612750,Minnesota Timberwolves,1,0,55,Missed Shot,Driving Floating Bank Jump Shot,2PT Field Goal,In The Paint (Non-RA),Center(C),Less Than 8 ft.,5,35,45,1,0,20200118,MIN,TOR
166,Shot Chart Detail,0021900632,201,1628966,Keita Bates-Diop,1610612750,Minnesota Timberwolves,2,8,39,Missed Shot,Driving Layup Shot,2PT Field Goal,Restricted Area,Center(C),Less Than 8 ft.,1,6,11,1,0,20200118,MIN,TOR
167,Shot Chart Detail,0021900632,226,1628966,Keita Bates-Diop,1610612750,Minnesota Timberwolves,2,7,24,Missed Shot,Jump Shot,3PT Field Goal,Right Corner 3,Right Side(R),24+ ft.,23,234,14,1,0,20200118,MIN,TOR
168,Shot Chart Detail,0021900632,535,1628966,Keita Bates-Diop,1610612750,Minnesota Timberwolves,4,11,38,Made Shot,Driving Layup Shot,2PT Field Goal,Restricted Area,Center(C),Less Than 8 ft.,0,2,7,1,1,20200118,MIN,TOR
169,Shot Chart Detail,0021900632,698,1628966,Keita Bates-Diop,1610612750,Minnesota Timberwolves,4,1,29,Made Shot,Jump Shot,3PT Field Goal,Above the Break 3,Center(C),24+ ft.,26,-1,262,1,1,20200118,MIN,TOR
170,Shot Chart Detail,0021900632,702,1628966,Keita Bates-Diop,1610612750,Minnesota Timberwolves,4,1,12,Missed Shot,Jump Shot,3PT Field Goal,Above the Break 3,Left Side Center(LC),24+ ft.,25,-123,228,1,0,20200118,MIN,TOR
171,Shot Chart Detail,0021900649,139,1628966,Keita Bates-Diop,1610612750,Minnesota Timberwolves,1,0,54,Missed Shot,Jump Shot,3PT Field Goal,Above the Break 3,Right Side Center(RC),24+ ft.,25,213,134,1,0,20200120,MIN,DEN
172,Shot Chart Detail,0021900649,148,1628966,Keita Bates-Diop,1610612750,Minnesota Timberwolves,1,0,47,Made Shot,Cutting Layup Shot,2PT Field Goal,Restricted Area,Center(C),Less Than 8 ft.,1,-13,5,1,1,20200120,MIN,DEN
173,Shot Chart Detail,0021900649,162,1628966,Keita Bates-Diop,1610612750,Minnesota Timberwolves,1,0,3,Made Shot,Fadeaway Jump Shot,2PT Field Goal,Mid-Range,Left Side Center(LC),16-24 ft.,22,-171,141,1,1,20200120,MIN,DEN
174,Shot Chart Detail,0021900649,192,1628966,Keita Bates-Diop,1610612750,Minnesota Timberwolves,2,9,51,Made Shot,Jump Shot,3PT Field Goal,Above the Break 3,Left Side Center(LC),24+ ft.,24,-129,204,1,1,20200120,MIN,DEN
175,Shot Chart Detail,0021900649,201,1628966,Keita Bates-Diop,1610612750,Minnesota Timberwolves,2,9,27,Missed Shot,Jump Shot,3PT Field Goal,Right Corner 3,Right Side(R),24+ ft.,23,231,10,1,0,20200120,MIN,DEN
176,Shot Chart Detail,0021900649,503,1628966,Keita Bates-Diop,1610612750,Minnesota Timberwolves,4,8,33,Made Shot,Dunk Shot,2PT Field Goal,Restricted Area,Center(C),Less Than 8 ft.,0,-1,-4,1,1,20200120,MIN,DEN
177,Shot Chart Detail,0021900661,177,1628966,Keita Bates-Diop,1610612750,Minnesota Timberwolves,2,11,2,Missed Shot,Driving Layup Shot,2PT Field Goal,Restricted Area,Center(C),Less Than 8 ft.,1,10,6,1,0,20200122,CHI,MIN
178,Shot Chart Detail,0021900661,179,1628966,Keita Bates-Diop,1610612750,Minnesota Timberwolves,2,10,58,Missed Shot,Tip Layup Shot,2PT Field Goal,Restricted Area,Center(C),Less Than 8 ft.,0,0,-6,1,0,20200122,CHI,MIN
179,Shot Chart Detail,0021900661,220,1628966,Keita Bates-Diop,1610612750,Minnesota Timberwolves,2,7,22,Missed Shot,Jump Shot,3PT Field Goal,Right Corner 3,Right Side(R),24+ ft.,24,242,-4,1,0,20200122,CHI,MIN
180,Shot Chart Detail,0021900661,574,1628966,Keita Bates-Diop,1610612750,Minnesota Timberwolves,4,7,1,Made Shot,Running Layup Shot,2PT Field Goal,Restricted Area,Center(C),Less Than 8 ft.,0,0,3,1,1,20200122,CHI,MIN
181,Shot Chart Detail,0021900675,161,1628966,Keita Bates-Diop,1610612750,Minnesota Timberwolves,1,0,48,Made Shot,Layup Shot,2PT Field Goal,Restricted Area,Center(C),Less Than 8 ft.,0,0,5,1,1,20200124,MIN,HOU
182,Shot Chart Detail,0021900675,254,1628966,Keita Bates-Diop,1610612750,Minnesota Timberwolves,2,7,7,Missed Shot,Layup Shot,2PT Field Goal,Restricted Area,Center(C),Less Than 8 ft.,1,-8,16,1,0,20200124,MIN,HOU
183,Shot Chart Detail,0021900675,374,1628966,Keita Bates-Diop,1610612750,Minnesota Timberwolves,2,6,18,Missed Shot,Tip Layup Shot,2PT Field Goal,Restricted Area,Center(C),Less Than 8 ft.,1,18,6,1,0,20200124,MIN,HOU
184,Shot Chart Detail,0021900675,264,1628966,Keita Bates-Diop,1610612750,Minnesota Timberwolves,2,6,16,Missed Shot,Putback Layup Shot,2PT Field Goal,Restricted Area,Center(C),Less Than 8 ft.,1,2,15,1,0,20200124,MIN,HOU
185,Shot Chart Detail,0021900675,513,1628966,Keita Bates-Diop,1610612750,Minnesota Timberwolves,3,1,39,Missed Shot,Jump Shot,2PT Field Goal,In The Paint (Non-RA),Center(C),Less Than 8 ft.,7,-32,70,1,0,20200124,MIN,HOU
186,Shot Chart Detail,0021900675,554,1628966,Keita Bates-Diop,1610612750,Minnesota Timberwolves,4,11,6,Made Shot,Running Dunk Shot,2PT Field Goal,Restricted Area,Center(C),Less Than 8 ft.,0,0,7,1,1,20200124,MIN,HOU
187,Shot Chart Detail,0021900683,197,1628966,Keita Bates-Diop,1610612750,Minnesota Timberwolves,2,10,33,Missed Shot,Jump Shot,3PT Field Goal,Right Corner 3,Right Side(R),24+ ft.,23,229,25,1,0,20200125,MIN,OKC
188,Shot Chart Detail,0021900683,201,1628966,Keita Bates-Diop,1610612750,Minnesota Timberwolves,2,10,11,Made Shot,Layup Shot,2PT Field Goal,Restricted Area,Center(C),Less Than 8 ft.,0,2,-8,1,1,20200125,MIN,OKC
189,Shot Chart Detail,0021900683,212,1628966,Keita Bates-Diop,1610612750,Minnesota Timberwolves,2,8,31,Made Shot,Cutting Layup Shot,2PT Field Goal,Restricted Area,Center(C),Less Than 8 ft.,1,3,13,1,1,20200125,MIN,OKC
190,Shot Chart Detail,0021900683,246,1628966,Keita Bates-Diop,1610612750,Minnesota Timberwolves,2,5,42,Made Shot,Cutting Layup Shot,2PT Field Goal,Restricted Area,Center(C),Less Than 8 ft.,3,7,32,1,1,20200125,MIN,OKC
191,Shot Chart Detail,0021900683,484,1628966,Keita Bates-Diop,1610612750,Minnesota Timberwolves,3,1,56,Missed Shot,Jump Shot,3PT Field Goal,Above the Break 3,Left Side Center(LC),24+ ft.,26,-107,247,1,0,20200125,MIN,OKC
192,Shot Chart Detail,0021900683,511,1628966,Keita Bates-Diop,1610612750,Minnesota Timberwolves,3,0,3,Missed Shot,Jump Shot,3PT Field Goal,Above the Break 3,Right Side Center(RC),24+ ft.,25,178,188,1,0,20200125,MIN,OKC
193,Shot Chart Detail,0021900683,523,1628966,Keita Bates-Diop,1610612750,Minnesota Timberwolves,4,11,15,Made Shot,Running Layup Shot,2PT Field Goal,Restricted Area,Center(C),Less Than 8 ft.,1,-13,2,1,1,20200125,MIN,OKC
194,Shot Chart Detail,0021900683,533,1628966,Keita Bates-Diop,1610612750,Minnesota Timberwolves,4,10,5,Made Shot,Driving Layup Shot,2PT Field Goal,Restricted Area,Center(C),Less Than 8 ft.,3,-23,27,1,1,20200125,MIN,OKC
195,Shot Chart Detail,0021900683,541,1628966,Keita Bates-Diop,1610612750,Minnesota Timberwolves,4,9,36,Missed Shot,Jump Shot,2PT Field Goal,Mid-Range,Center(C),8-16 ft.,15,8,151,1,0,20200125,MIN,OKC
196,Shot Chart Detail,0021900696,77,1628966,Keita Bates-Diop,1610612750,Minnesota Timberwolves,1,5,4,Missed Shot,Jump Shot,3PT Field Goal,Right Corner 3,Right Side(R),24+ ft.,23,224,56,1,0,20200127,MIN,SAC
197,Shot Chart Detail,0021900696,115,1628966,Keita Bates-Diop,1610612750,Minnesota Timberwolves,1,2,27,Made Shot,Driving Layup Shot,2PT Field Goal,Restricted Area,Center(C),Less Than 8 ft.,1,2,15,1,1,20200127,MIN,SAC
198,Shot Chart Detail,0021900696,251,1628966,Keita Bates-Diop,1610612750,Minnesota Timberwolves,2,4,49,Missed Shot,Jump Shot,3PT Field Goal,Left Corner 3,Left Side(L),24+ ft.,23,-233,48,1,0,20200127,MIN,SAC
199,Shot Chart Detail,0021900696,368,1628966,Keita Bates-Diop,1610612750,Minnesota Timberwolves,3,8,57,Made Shot,Jump Shot,3PT Field Goal,Left Corner 3,Left Side(L),24+ ft.,22,-224,27,1,1,20200127,MIN,SAC
200,Shot Chart Detail,0021900696,506,1628966,Keita Bates-Diop,1610612750,Minnesota Timberwolves,3,0,27,Missed Shot,Jump Shot,3PT Field Goal,Left Corner 3,Left Side(L),24+ ft.,22,-229,18,1,0,20200127,MIN,SAC
201,Shot Chart Detail,0021900696,619,1628966,Keita Bates-Diop,1610612750,Minnesota Timberwolves,4,3,56,Missed Shot,Jump Shot,3PT Field Goal,Right Corner 3,Right Side(R),24+ ft.,22,223,55,1,0,20200127,MIN,SAC
202,Shot Chart Detail,0021900696,639,1628966,Keita Bates-Diop,1610612750,Minnesota Timberwolves,4,1,46,Made Shot,Driving Layup Shot,2PT Field Goal,Restricted Area,Center(C),Less Than 8 ft.,1,2,15,1,1,20200127,MIN,SAC
203,Shot Chart Detail,0021900727,133,1628966,Keita Bates-Diop,1610612750,Minnesota Timberwolves,1,2,50,Made Shot,Reverse Layup Shot,2PT Field Goal,Restricted Area,Center(C),Less Than 8 ft.,2,-14,21,1,1,20200201,LAC,MIN
204,Shot Chart Detail,0021900727,141,1628966,Keita Bates-Diop,1610612750,Minnesota Timberwolves,1,1,55,Missed Shot,Jump Shot,3PT Field Goal,Above the Break 3,Center(C),24+ ft.,27,-81,260,1,0,20200201,LAC,MIN
205,Shot Chart Detail,0021900749,257,1628966,Keita Bates-Diop,1610612750,Minnesota Timberwolves,2,6,4,Missed Shot,Jump Shot,3PT Field Goal,Above the Break 3,Left Side Center(LC),24+ ft.,25,-195,167,1,0,20200203,SAC,MIN
206,Shot Chart Detail,0021900784,194,1628966,Keita Bates-Diop,1610612743,Denver Nuggets,2,7,24,Made Shot,Running Layup Shot,2PT Field Goal,Restricted Area,Center(C),Less Than 8 ft.,0,-5,3,1,1,20200208,PHX,DEN
207,Shot Chart Detail,0021900799,133,1628966,Keita Bates-Diop,1610612743,Denver Nuggets,1,0,41,Made Shot,Cutting Finger Roll Layup Shot,2PT Field Goal,Restricted Area,Center(C),Less Than 8 ft.,0,1,9,1,1,20200210,DEN,SAS
208,Shot Chart Detail,0021901272,205,1628966,Keita Bates-Diop,1610612743,Denver Nuggets,2,7,40,Missed Shot,Driving Reverse Layup Shot,2PT Field Goal,Restricted Area,Center(C),Less Than 8 ft.,0,0,-1,1,0,20200806,DEN,POR
209,Shot Chart Detail,0021901272,513,1628966,Keita Bates-Diop,1610612743,Denver Nuggets,4,10,27,Missed Shot,Tip Layup Shot,2PT Field Goal,Restricted Area,Center(C),Less Than 8 ft.,0,0,-6,1,0,20200806,DEN,POR
210,Shot Chart Detail,0021901272,597,1628966,Keita Bates-Diop,1610612743,Denver Nuggets,4,2,45,Made Shot,Jump Shot,3PT Field Goal,Left Corner 3,Left Side(L),24+ ft.,23,-236,28,1,1,20200806,DEN,POR
211,Shot Chart Detail,0021901296,106,1628966,Keita Bates-Diop,1610612743,Denver Nuggets,1,2,24,Missed Shot,Jump Shot,3PT Field Goal,Right Corner 3,Right Side(R),24+ ft.,23,231,3,1,0,20200810,LAL,DEN
212,Shot Chart Detail,0021901296,118,1628966,Keita Bates-Diop,1610612743,Denver Nuggets,1,1,42,Made Shot,Reverse Layup Shot,2PT Field Goal,Restricted Area,Center(C),Less Than 8 ft.,0,6,3,1,1,20200810,LAL,DEN
213,Shot Chart Detail,0021901296,131,1628966,Keita Bates-Diop,1610612743,Denver Nuggets,1,0,6,Missed Shot,Jump Shot,3PT Field Goal,Above the Break 3,Right Side Center(RC),24+ ft.,25,235,99,1,0,20200810,LAL,DEN
214,Shot Chart Detail,0021901296,429,1628966,Keita Bates-Diop,1610612743,Denver Nuggets,3,0,14,Missed Shot,Jump Shot,3PT Field Goal,Left Corner 3,Left Side(L),24+ ft.,23,-234,-1,1,0,20200810,LAL,DEN
215,Shot Chart Detail,0021901296,480,1628966,Keita Bates-Diop,1610612743,Denver Nuggets,4,8,15,Made Shot,Driving Finger Roll Layup Shot,2PT Field Goal,Restricted Area,Center(C),Less Than 8 ft.,0,-5,-1,1,1,20200810,LAL,DEN
216,Shot Chart Detail,0021901296,484,1628966,Keita Bates-Diop,1610612743,Denver Nuggets,4,7,46,Made Shot,Cutting Layup Shot,2PT Field Goal,Restricted Area,Center(C),Less Than 8 ft.,0,0,1,1,1,20200810,LAL,DEN
217,Shot Chart Detail,0021901296,496,1628966,Keita Bates-Diop,1610612743,Denver Nuggets,4,6,45,Missed Shot,Driving Layup Shot,2PT Field Goal,Restricted Area,Center(C),Less Than 8 ft.,1,-12,10,1,0,20200810,LAL,DEN
218,Shot Chart Detail,0021901296,553,1628966,Keita Bates-Diop,1610612743,Denver Nuggets,4,2,30,Made Shot,Jump Shot,3PT Field Goal,Right Corner 3,Right Side(R),24+ ft.,23,226,77,1,1,20200810,LAL,DEN
219,Shot Chart Detail,0021901307,555,1628966,Keita Bates-Diop,1610612743,Denver Nuggets,4,6,26,Made Shot,Cutting Finger Roll Layup Shot,2PT Field Goal,In The Paint (Non-RA),Center(C),Less Than 8 ft.,6,18,62,1,1,20200812,DEN,LAC
220,Shot Chart Detail,0021901307,577,1628966,Keita Bates-Diop,1610612743,Denver Nuggets,4,4,10,Made Shot,Running Finger Roll Layup Shot,2PT Field Goal,Restricted Area,Center(C),Less Than 8 ft.,2,24,-8,1,1,20200812,DEN,LAC
221,Shot Chart Detail,0021901307,594,1628966,Keita Bates-Diop,1610612743,Denver Nuggets,4,3,4,Made Shot,Driving Floating Jump Shot,2PT Field Goal,In The Paint (Non-RA),Center(C),Less Than 8 ft.,6,-46,51,1,1,20200812,DEN,LAC
222,Shot Chart Detail,0021901307,632,1628966,Keita Bates-Diop,1610612743,Denver Nuggets,4,0,58,Missed Shot,Driving Finger Roll Layup Shot,2PT Field Goal,Restricted Area,Center(C),Less Than 8 ft.,1,-11,13,1,0,20200812,DEN,LAC
223,Shot Chart Detail,0021901318,145,1628966,Keita Bates-Diop,1610612743,Denver Nuggets,1,0,30,Missed Shot,Driving Finger Roll Layup Shot,2PT Field Goal,Restricted Area,Center(C),Less Than 8 ft.,0,1,1,1,0,20200814,TOR,DEN
224,Shot Chart Detail,0021901318,165,1628966,Keita Bates-Diop,1610612743,Denver Nuggets,2,10,32,Missed Shot,Jump Shot,3PT Field Goal,Above the Break 3,Left Side Center(LC),24+ ft.,25,-128,222,1,0,20200814,TOR,DEN
225,Shot Chart Detail,0021901318,283,1628966,Keita Bates-Diop,1610612743,Denver Nuggets,2,0,58,Missed Shot,Driving Layup Shot,2PT Field Goal,Restricted Area,Center(C),Less Than 8 ft.,2,12,25,1,0,20200814,TOR,DEN
226,Shot Chart Detail,0021901318,286,1628966,Keita Bates-Diop,1610612743,Denver Nuggets,2,0,54,Missed Shot,Driving Layup Shot,2PT Field Goal,Restricted Area,Center(C),Less Than 8 ft.,1,6,19,1,0,20200814,TOR,DEN
227,Shot Chart Detail,0021901318,318,1628966,Keita Bates-Diop,1610612743,Denver Nuggets,3,10,27,Made Shot,Driving Layup Shot,2PT Field Goal,Restricted Area,Center(C),Less Than 8 ft.,0,-2,7,1,1,20200814,TOR,DEN
228,Shot Chart Detail,0021901318,328,1628966,Keita Bates-Diop,1610612743,Denver Nuggets,3,9,25,Made Shot,Jump Shot,3PT Field Goal,Left Corner 3,Left Side(L),24+ ft.,23,-228,41,1,1,20200814,TOR,DEN
229,Shot Chart Detail,0021901318,352,1628966,Keita Bates-Diop,1610612743,Denver Nuggets,3,7,54,Missed Shot,Cutting Layup Shot,2PT Field Goal,Restricted Area,Center(C),Less Than 8 ft.,1,13,10,1,0,20200814,TOR,DEN
230,Shot Chart Detail,0021901318,367,1628966,Keita Bates-Diop,1610612743,Denver Nuggets,3,7,24,Missed Shot,Running Jump Shot,3PT Field Goal,Left Corner 3,Left Side(L),24+ ft.,23,-237,-3,1,0,20200814,TOR,DEN
231,Shot Chart Detail,0021901318,379,1628966,Keita Bates-Diop,1610612743,Denver Nuggets,3,5,57,Missed Shot,Jump Shot,3PT Field Goal,Above the Break 3,Right Side Center(RC),24+ ft.,25,221,132,1,0,20200814,TOR,DEN
232,Shot Chart Detail,0021901318,552,1628966,Keita Bates-Diop,1610612743,Denver Nuggets,4,7,15,Missed Shot,Jump Shot,2PT Field Goal,Restricted Area,Center(C),Less Than 8 ft.,1,-9,15,1,0,20200814,TOR,DEN
233,Shot Chart Detail,0021901318,601,1628966,Keita Bates-Diop,1610612743,Denver Nuggets,4,3,4,Made Shot,Running Layup Shot,2PT Field Goal,Restricted Area,Center(C),Less Than 8 ft.,0,6,5,1,1,20200814,TOR,DEN
